likes,body,url
1090,"–ë–µ–ª—ã–µ –≥–æ—Ä—ã –≤ –õ–∞–∏—à–µ–≤–æ üåä 
 
üìç55.391057, 49.508239"
106,"–° –¥–æ–±—Ä—ã–º —É—Ç—Ä–æ–º, –∫–∞–∑–∞–Ω—Ü—ã! 
–í—Å–µ–º –ø—Ä–µ–∫—Ä–∞—Å–Ω—ã—Ö –≤—ã—Ö–æ–¥–Ω—ã—Ö!"
18,"–ü–æ–≥–æ–¥–∞ –≤ –ö–∞–∑–∞–Ω–∏ –Ω–∞ —Å—É–±–±–æ—Ç—É, 19 –∏—é–Ω—è"
180,"–í–µ—á–µ—Ä –Ω–∞ –±–µ—Ä–µ–≥—É –ö–∞–º—Å–∫–æ–≥–æ –£—Å—Ç—å—è - –ø—Ä–µ–∫—Ä–∞—Å–Ω–æ!
–õ—é–±–∏—Ç–µ —Ç–∞–∫ –æ—Ç–¥—ã—Ö–∞—Ç—å?"
90,–ü—Ä–∏–¥—É–º–∞–π—Ç–µ –Ω–∞–∑–≤–∞–Ω–∏–µ –∫ —Ñ–æ—Ç–æüòÑ
8,"–Ø–Ω–¥–µ–∫—Å.–õ–∞–≤–∫–∞ ‚Äî —ç—Ç–æ –∞–ª—å—Ç–µ—Ä–Ω–∞—Ç–∏–≤–∞ –æ–±—ã—á–Ω–æ–º—É –º–∞–≥–∞–∑–∏–Ω—É —É –¥–æ–º–∞ —Å –±—ã—Å—Ç—Ä–æ–π –¥–æ—Å—Ç–∞–≤–∫–æ–π –Ω–∞ –ª—é–±—ã—Ö –ø—Ä–æ–¥—É–∫—Ç–æ–≤, –≤–∫–ª—é—á–∞—è —Å–≤–µ–∂–∏–µ –æ–≤–æ—â–∏ –∏ —Ç–æ–≤–∞—Ä—ã –¥–ª—è –¥–æ–º–∞. –°–µ–π—á–∞—Å –≤ –õ–∞–≤–∫–µ –¥–µ–π—Å—Ç–≤—É–µ—Ç —Å–∫–∏–¥–∫–∞ 200 —Ä—É–±–ª–µ–π –ø–æ –ø—Ä–æ–º–æ–∫–æ–¥—É privetlavka, –∫–æ—Ç–æ—Ä—ã–π –º–æ–∂–Ω–æ –ø—Ä–∏–º–µ–Ω–∏—Ç—å –∫–æ –≤—Å–µ–π –∫–æ—Ä–∑–∏–Ω–µ –æ—Ç 700 —Ä—É–±–ª–µ–π. 
 
–¢–æ—Ä–æ–ø–∏—Ç–µ—Å—å —Å—ç–∫–æ–Ω–æ–º–∏—Ç—å –Ω–∞ –ø–æ–≤—Å–µ–¥–Ω–µ–≤–Ω—ã—Ö –ø–æ–∫—É–ø–∫–∞—Ö, –ø—Ä–æ–º–æ–∫–æ–¥ –¥–µ–π—Å—Ç–≤–∏—Ç–µ–ª–µ–Ω –¥–æ 30 –∏—é–Ω—è."
271,–ù–µ–≤–µ—Ä–æ—è—Ç–Ω—ã–µ –∫—Ä–∞—Å–æ—Ç—ã –ö–∞–º—Å–∫–æ–≥–æ –£—Å—Ç—å—è
35,"–ü—Ä–∏–≥–ª–∞—à–∞—é—Ç –≤–∞—Å 27 –∏—é–Ω—è –≤ –¢–µ—Ç—é—à–∏. –ü–æ–∑–Ω–∞–∫–æ–º–∏—Ç—å—Å—è —Å —á—É–¥–Ω—ã–º –Ω–µ–±–æ–ª—å—à–∏–º, –Ω–æ —Å—Ç–∞—Ä–∏–Ω–Ω—ã–º –≥–æ—Ä–æ–¥–∫–æ–º –¢–µ—Ç—é—à–∏, –ø–æ–±—ã–≤–∞–µ—Ç–µ –≤ –º—É–∑–µ–µ –∏ –Ω–∞ –≥–æ—Ä–µ –í—à–∏—Ö–∞. –†–æ–¥–∏–Ω–∞ –º–Ω–æ–≥–æ–∫—Ä–∞—Ç–Ω—ã—Ö –æ–ª–∏–º–ø–∏–π—Å–∫–∏—Ö —á–µ–º–ø–∏–æ–Ω–æ–≤ –í–æ—Ä–æ–±—å–µ–≤–∞ –∏ –î–µ–º–∏–Ω–æ–π, —Ö–∏–º–∏–∫–∞ –ì–∏–ª—å–º–∞ –ö–∞–º–∞—è, —Ä–µ–∂–∏—Å—Å–µ—Ä–∞ –ì–æ–≤–æ—Ä—É—Ö–∏–Ω–∞. –ü–æ—Å–µ—Ç–∏—Ç–µ —Ä—ã–±–Ω—ã–π, –∫—Ä–∞–µ–≤–µ–¥—á–µ—Å–∫–∏–π –º—É–∑–µ–∏, –ø–æ–±—ã–≤–∞–µ—Ç–µ –≤ —Å—Ç–∞—Ä–∏–Ω–Ω–æ–π —É—Å–∞–¥—å–±–µ –ú–æ–ª–æ—Å—Ç–≤–æ–≤—ã—Ö –≤ –î–æ–ª–≥–æ–π –ü–æ–ª—è–Ω–µ –∏ –ø–æ–ª—é–±—É–µ—Ç–µ—Å—å –≤–æ–ª–∂—Å–∫–∏–º–∏ –≤–∏–¥–∞–º–∏. –í–∞—Å –∂–¥–µ—Ç –∏–∑—É–º–∏—Ç–µ–ª—å–Ω—ã–π —Ä—ã–±–Ω—ã–π –æ–±–µ–¥. –í –î–æ–ª–≥–æ–π –ü–æ–ª—è–Ω–µ —Å–æ—Å—Ç–æ–∏—Ç—Å—è –≤–µ—á–µ—Ä —Ä–æ–º–∞–Ω—Å–∞. –°—Ç–∞—Ä–∏–Ω–Ω—ã–µ —Ä–æ–º–∞–Ω—Å—ã –≤ —É–¥–∏–≤–∏—Ç–µ–ª—å–Ω–æ–π –æ–±—Å—Ç–∞–Ω–æ–≤–∫–µ –Ω–∞ –≤—ã—Å–æ–∫–æ–º –≤–æ–ª–∂—Å–∫–æ–º –±–µ—Ä–µ–≥—É –∏—Å–ø–æ–ª–Ω–∏—Ç –ó–∞—Å–ª—É–∂–µ–Ω–Ω–∞—è –∞—Ä—Ç–∏—Å—Ç–∫–∞ –¢–∞—Ç–∞—Ä—Å—Ç–∞–Ω–∞ –Æ–ª–∏—è –ó–∏–≥–∞–Ω—à–∏–Ω–∞.
 
–ó–∞–ø–∏—Å—å: https://kzngo.ru/event/ekskursia-v-tetusi-8993"
4,"–° 24 –ø–æ 27 –∏—é–Ω—è —Å–æ—Å—Ç–æ–∏—Ç—Å—è –ø—Ä–∞–∑–¥–Ω–∏—á–Ω–æ–µ –æ—Ç–∫—Ä—ã—Ç–∏–µ –Ω–æ–≤–æ–≥–æ –º–∞–≥–∞–∑–∏–Ω–∞ DNS –ø–æ –∞–¥—Ä–µ—Å—É —É–ª. –ú. –ß—É–π–∫–æ–≤–∞, –¥. 23–í! –í —á–µ—Å—Ç—å –æ—Ç–∫—Ä—ã—Ç–∏—è –Ω–æ–≤–æ–≥–æ –º–∞–≥–∞–∑–∏–Ω–∞ —Ü–∏—Ñ—Ä–æ–≤–æ–π –∏ –±—ã—Ç–æ–≤–æ–π —Ç–µ—Ö–Ω–∏–∫–∏ DNS –º—ã –¥–∞—Ä–∏–º –ø–æ–¥–∞—Ä–∫–∏ —Å–≤–æ–∏–º –ø–æ–∫—É–ø–∞—Ç–µ–ª—è–º –ø—Ä–∏ —Å–æ–≤–µ—Ä—à–µ–Ω–∏–∏ –ª—é–±–æ–π –ø–æ–∫—É–ø–∫–∏ –Ω–∞ —Å—É–º–º—É —Å–≤—ã—à–µ 10000 —Ä—É–±.*! 
 
–ñ–¥–µ–º –í–∞—Å –Ω–∞ –æ—Ç–∫—Ä—ã—Ç–∏–∏ DNS –ø–æ –∞–¥—Ä–µ—Å—É: –≥. –ö–∞–∑–∞–Ω—å, —É–ª. –ú. –ß—É–π–∫–æ–≤–∞, –¥. 23–í. 
 
–û–†–ì–ê–ù–ò–ó–ê–¢–û–† –ê–ö–¶–ò–ò ‚Äì –û–û–û ¬´–î–ù–° –†–ò–¢–ï–ô–õ¬ª. –Æ–†. –ê–î–†–ï–°: 690068, –†–§, –ü–†–ò–ú–û–†–°–ö–ò–ô –ö–†–ê–ô, –ì. –í–õ–ê–î–ò–í–û–°–¢–û–ö, –ü–†-–¢ 100 –õ–ï–¢ –í–õ–ê–î–ò–í–û–°–¢–û–ö–£, 155, –ö–û–†–ü–£–° 3, –û–§–ò–° 5. –ò–ù–ù 2540167061. –û–ì–†–ù 1102540008230. –ê–ö–¶–ò–Ø 
–î–ï–ô–°–¢–í–£–ï–¢ –° 24 –ü–û 27 –ò–Æ–ù–Ø 2021 –ì. –í –ú–ê–ì–ê–ó–ò–ù–ï –ö–û–ú–ü–ê–ù–ò–ò DNS –†–ê–°–ü–û–õ–û–ñ–ï–ù–ù–û–ú –ü–û –ê–î–†–ï–°–£: –ì. –ö–ê–ó–ê–ù–¨, –£–õ. –ß–£–ô–ö–û–í–ê, –î. 23 –í. –ü–û–î–ê–†–ö–ò –í–´–î–ê–Æ–¢–°–Ø –ü–ï–†–í–´–ú 30 –ü–û–ö–£–ü–ê–¢–ï–õ–Ø–ú –í –î–ù–ò –ü–†–û–í–ï–î–ï–ù–ò–Ø –ê–ö–¶–ò–ò –ü–†–ò –ü–û–ö–£–ü–ö–ï –û–¢ 10000 –†–£–ë–õ–ï–ô. 
–í –ù–ê–õ–ò–ß–ò–ò 2 –í–ò–î–ê –ü–û–î–ê–†–ö–û–í, –ü–†–ò –ü–û–ö–£–ü–ö–ï –û–¢ 10000 –†–£–ë–õ–ï–ô –ò –û–¢ 20000 –†–£–ë–õ–ï–ô –°–û–û–¢–í–ï–¢–°–¢–í–ï–ù–ù–û. –ù–ê–ò–ú–ï–ù–û–í–ê–ù–ò–ï –ü–û–î–ê–†–ö–û–í –ú–û–ñ–ï–¢–ï –£–¢–û–ß–ù–ò–¢–¨ –í –ú–ê–ì–ê–ó–ò–ù–ï –£ –ü–†–û–î–ê–í–¶–û–í-–ö–û–ù–°–£–õ–¨–¢–ê–ù–¢–û–í. –ö–û–õ–ò–ß–ï–°–¢–í–û –ü–û–î–ê–†–ö–û–í –û–ì–†–ê–ù–ò–ß–ï–ù–û. 
–ü–û–î–†–û–ë–ù–û–°–¢–ò –£–¢–û–ß–ù–Ø–ô–¢–ï –£ –ü–†–û–î–ê–í–¶–û–í-–ö–û–ù–°–£–õ–¨–¢–ê–ù–¢–û–í –ò –ù–ê –°–ê–ô–¢–ï WWW.DNS-SHOP.RU"
370,"26 –∏—é–Ω—è –Ω–∞ –ö—Ä–µ–º–ª–µ–≤—Å–∫–æ–π –Ω–∞–±–µ—Ä–µ–∂–Ω–æ–π –æ—Ç–∫—Ä–æ–µ—Ç—Å—è ¬´–ú–∞–∫–¥–æ–Ω–∞–ª–¥—Å¬ªüòä –ë—É–¥–µ—Ç 2 —ç—Ç–∞–∂–∞, 240 –ø–æ—Å–∞–¥–æ—á–Ω—ã—Ö –º–µ—Å—Ç –∏ –ª–µ—Ç–Ω—è—è –≤–µ—Ä–∞–Ω–¥–∞. –≠—Ç–æ –∫–∞–∫ —Ä–∞–∑ —Ç–æ, —á–µ–≥–æ —Ç–∞–º –Ω–µ —Ö–≤–∞—Ç–∞–µ—Ç!"
166,"–õ—é–ø–∏–Ω—ã —Å–∫–æ—Ä–æ –æ—Ç—Ü–≤–µ—Ç—É—Ç, —É—Å–ø–µ–π—Ç–µ —Å–¥–µ–ª–∞—Ç—å –∫—Ä–∞—Å–∏–≤—ã–µ —Ñ–æ—Ç–æ 
 
–õ–æ–∫–∞—Ü–∏–∏ –Ω–µ–¥–∞–ª–µ–∫–æ –æ—Ç –ö–∞–∑–∞–Ω–∏: 
 
‚Äì –û—Ä–µ—Ö–æ–≤–∫–∞ 
‚Äì –†–∞–∏—Ñ—Å–∫–∏–π –¥–µ–Ω–¥—Ä–∞—Ä–∏–π 
‚Äì –ø–æ –¥–æ—Ä–æ–≥–µ –æ—Ç –≤—ã–µ–∑–¥–∞ –∏–∑ –≥–æ—Ä–æ–¥–∞ –≤ —Å—Ç–æ—Ä–æ–Ω—É –ó–µ–ª–µ–Ω–æ–¥–æ–ª—å—Å–∫–∞ 
‚Äì –ø–æ –¥–æ—Ä–æ–≥–µ –≤ –ë–æ—Ä–æ–≤–æ–µ –ú–∞—Ç—é—à–∏–Ω–æ
‚Äì –Ω–∞ —Ç—Ä–∞—Å—Å–µ –ö–∞–∑–∞–Ω—å ‚Äî –ô–æ—à–∫–∞—Ä-–û–ª–∞, –Ω–∞–ø—Ä–æ—Ç–∏–≤ –ò–ª—å–∏–Ω–∫–∏."
10,
26,"24 –∏—é–Ω—è –∫–∞–∑–∞–Ω—Ü–µ–≤ –ø—Ä–∏–≥–ª–∞—à–∞—é—Ç –ø–æ—É—á–∞—Å—Ç–≤–æ–≤–∞—Ç—å –≤ ¬´–¶–µ—Ä–µ–º–æ–Ω–∏–∏ —Å–±–æ—Ä–∞ –ø–æ–¥–∞—Ä–∫–æ–≤ –∫ –°–∞–±–∞–Ω—Ç—É—é¬ª. –®–µ—Å—Ç–≤–∏–µ —Å —É—á–∞—Å—Ç–∏–µ–º –ø—Ä–∞–∑–¥–Ω–∏—á–Ω—ã—Ö –ø–æ–≤–æ–∑–æ–∫, –∑–∞–ø—Ä—è–∂–µ–Ω–Ω—ã—Ö –ª–æ—à–∞–¥—å–º–∏, –º—É–∑—ã–∫–∞–Ω—Ç–æ–≤ –∏ –∞—Ä—Ç–∏—Å—Ç–æ–≤ –≤ –Ω–∞—Ü–∏–æ–Ω–∞–ª—å–Ω—ã—Ö –∫–æ—Å—Ç—é–º–∞—Ö, –∞ —Ç–∞–∫–∂–µ –∂–∏—Ç–µ–ª–µ–π –≥–æ—Ä–æ–¥–∞ –∏ —Ç—É—Ä–∏—Å—Ç–æ–≤ —Å—Ç–∞—Ä—Ç—É–µ—Ç —Å —á–µ—Ç—ã—Ä–µ—Ö –ø–ª–æ—â–∞–¥–æ–∫ –≥–æ—Ä–æ–¥–∞, –Ω–∞—á–∞–ª–æ –≤ 11:00, –∞ –≤ 12:30 –≤–∞—Å –∂–¥–µ—Ç —Ç–µ–∞—Ç—Ä–∞–ª–∏–∑–æ–≤–∞–Ω–Ω–æ–µ –ø—Ä–µ–¥—Å—Ç–∞–≤–ª–µ–Ω–∏–µ —Å –≤—ã—Å—Ç—É–ø–ª–µ–Ω–∏–µ–º –ª—É—á—à–∏—Ö —Ñ–æ–ª—å–∫–ª–æ—Ä–Ω—ã—Ö –∫–æ–ª–ª–µ–∫—Ç–∏–≤–æ–≤ —Ä–µ—Å–ø—É–±–ª–∏–∫–∏.

–ü–æ–¥—Ä–æ–±–Ω–µ–µ: https://kzngo.ru/event/ceremonia-sbora-podarkov-k-sabantuu-9510"
130,–†–∞–∏—Ñ—Å–∫–æ–µ –æ–∑–µ—Ä–æüòç
7,"20 –∏—é–Ω—è –≤ 18:00 –≤ —Ä–∞–º–∫–∞—Ö –∫–∏–Ω–æ–∫–ª—É–±–∞ ¬´–§–æ–∫—É—Å¬ª –±—É–¥–µ–º —Å–º–æ—Ç—Ä–µ—Ç—å –∏ –¥–µ–ª–∏—Ç—å—Å—è –º–Ω–µ–Ω–∏–µ–º –ø–æ –ø–æ–≤–æ–¥—É —Ñ–∏–ª—å–º–∞ ¬´–°—Ü–µ–Ω—ã –∏–∑ —Å—É–ø—Ä—É–∂–µ—Å–∫–æ–π –∂–∏–∑–Ω–∏¬ª —Ä–µ–∂–∏—Å—Å–µ—Ä–∞ –ò–Ω–≥–º–∞—Ä–∞ –ë–µ—Ä–≥–º–∞–Ω–∞. –§–∏–ª—å–º —Å–æ—Å—Ç–æ–∏—Ç –∏–∑ —à–µ—Å—Ç–∏ ¬´—Å—Ü–µ–Ω¬ª, –∫–∞–∂–¥–∞—è –∏–∑ –∫–æ—Ç–æ—Ä—ã—Ö –ø—Ä–µ–¥—Å—Ç–∞–≤–ª—è–µ—Ç —Å–æ–±–æ–π —Ñ—Ä–∞–≥–º–µ–Ω—Ç –¥–≤–∞–¥—Ü–∞—Ç–∏–ª–µ—Ç–Ω–µ–π —Å–æ–≤–º–µ—Å—Ç–Ω–æ–π –∂–∏–∑–Ω–∏ –ú–∞—Ä–∏–∞–Ω–Ω—ã –∏ –ô–æ—Ö–∞–Ω–∞. –í—Ö–æ–¥ —Å–≤–æ–±–æ–¥–Ω—ã–π

–ó–∞–ø–∏—Å—å: https://kzngo.ru/event/vstreca-kinokluba-fokus-9211"
270,–í –ö–∞–∑–∞–Ω–∏ –≤ –±–ª–∏–∂–∞–π—à–∏–µ –Ω–µ—Å–∫–æ–ª—å–∫–æ –¥–Ω–µ–π (–≤–æ–∑–º–æ–∂–Ω–æ –¥–∞–∂–µ —Ü–µ–ª—É—é –Ω–µ–¥–µ–ª—é) –æ–∂–∏–¥–∞–µ—Ç—Å—è –∂–∞—Ä–∫–∞—è –ø–æ–≥–æ–¥–∞ —Å —Ç–µ–º–ø–µ—Ä–∞—Ç—É—Ä–æ–π –¥–æ +33 –≥—Ä–∞–¥—É—Å–æ–≤‚òÄ
31,"20 –∏—é–Ω—è –≤ 9:00 –Ω–∞ —Ç–µ—Ä—Ä–∏—Ç–æ—Ä–∏–∏ –æ–∑–µ—Ä–∞ ¬´–õ–µ–±—è–∂—å–µ¬ª –ø—Ä–æ–π–¥–µ—Ç –º–∞—Å—Å–æ–≤—ã–π –∑–∞–±–µ–≥ ¬´ALGA TRAIL¬ª –≤ —á–µ—Å—Ç—å 1100-–ª–µ—Ç–∏—è –æ—Ñ–∏—Ü–∏–∞–ª—å–Ω–æ–≥–æ –ø—Ä–∏–Ω—è—Ç–∏—è –∏—Å–ª–∞–º–∞ –í–æ–ª–∂—Å–∫–æ–π –ë—É–ª–≥–∞—Ä–∏–µ–π. –í –Ω–µ–º —Å–º–æ–≥—É—Ç –ø—Ä–∏–Ω—è—Ç—å —É—á–∞—Å—Ç–∏–µ –≤—Å–µ –∂–µ–ª–∞—é—â–∏–µ –≤ –≤–æ–∑—Ä–∞—Å—Ç–µ –æ—Ç 5 –ª–µ—Ç –∏ —Å—Ç–∞—Ä—à–µ. –î–ª—è –º—É–∂—á–∏–Ω –∏ –∂–µ–Ω—â–∏–Ω –æ—Ç 16 –ª–µ—Ç –ø—Ä–µ–¥—É—Å–º–æ—Ç—Ä–µ–Ω—ã –¥–∏—Å—Ç–∞–Ω—Ü–∏–∏ 10 –∏ 5 –∫–º —Å–æ–æ—Ç–≤–µ—Ç—Å—Ç–≤–µ–Ω–Ω–æ, –¥–ª—è –ø–æ–¥—Ä–æ—Å—Ç–∫–æ–≤ –æ—Ç 9 –¥–æ 15 –ª–µ—Ç ‚Äì 1100 –º, –∞ —Å–∞–º—ã–µ —é–Ω—ã–µ –±–µ–≥—É–Ω—ã, –æ—Ç 5 –¥–æ 8 –ª–µ—Ç, –æ—Å–∏–ª—è—Ç 500 –º–µ—Ç—Ä–æ–≤.

–†–µ–≥–∏—Å—Ç—Ä–∞—Ü–∏—è: https://kzngo.ru/event/zabeg-v-cest-1100-letia-prinatia-islama-9509"
130,"–ò–Ω—Ç–µ—Ä–µ—Å–Ω—ã–µ –º–µ—Å—Ç–∞, –¥–æ –∫–æ—Ç–æ—Ä—ã—Ö –º–æ–∂–Ω–æ –¥–æ–±—Ä–∞—Ç—å—Å—è –æ—Ç —Ä–µ—á–Ω–æ–≥–æ –ø–æ—Ä—Ç–∞: –¢–µ—Ç—é—à–∏ 
 
–ß—Ç–æ –∏–Ω—Ç–µ—Ä–µ—Å–Ω–æ–≥–æ –º–æ–∂–Ω–æ —É–≤–∏–¥–µ—Ç—å –≤ –¢–µ—Ç—é—à–∞—Ö: 
- –∑–¥–∞–Ω–∏–µ –º—É–∂—Å–∫–æ–π –∏ –∂–µ–Ω—Å–∫–æ–π –≥–∏–º–Ω–∞–∑–∏–∏ 1914 –∏ 1906 –≥–æ–¥–æ–≤ 
- –¥–æ–º –∑–µ–º—Å–∫–æ–≥–æ –≤—Ä–∞—á–∞ –ë–æ–≥–æ–ª—é–±–æ–≤–∞ 
- –¥–µ—Ä–µ–≤—è–Ω–Ω—É—é –ª–µ—Å—Ç–Ω–∏—Ü—É –¥–ª–∏–Ω–æ–π –≤ 400 —Å—Ç—É–ø–µ–Ω–µ–π 
- –¢–µ—Ç—é—à—Å–∫–æ–µ –≥–æ—Ä–æ–¥–∏—â–µ 
- –ø–∞–º—è—Ç–Ω–∏–∫ 960 –∫–∏–ª–æ–≥—Ä–∞–º–º–æ–≤–æ–π –±–µ–ª—É–≥–µ, –≤—ã–ª–æ–≤–ª–µ–Ω–Ω–æ–π –≤ –í–æ–ª–≥–µ 
- —Å—Ç–æ—Ä–æ–∂–µ–≤—É—é –±–∞—à–Ω—é 
- –¢–µ—Ç—é—à—Å–∫–∏–π –∫—Ä–∞–µ–≤–µ–¥—á–µ—Å–∫–∏–π –º—É–∑–µ–π 
- –¢—Ä–æ–∏—Ü–∫–∏–π —Å–æ–±–æ—Ä 
- –¥–æ–º –∫—É–ø—Ü–∞ –°–µ—Ä–µ–±—Ä—è–∫–æ–≤–∞, –≤ –∫–æ—Ç–æ—Ä–æ–º —Ä–∞–∑–º–µ—Å—Ç–∏–ª—Å—è –º—É–∑–µ–π –∏—Å—Ç–æ—Ä–∏–∏ –¢–µ—Ç—é—à—Å–∫–æ–≥–æ –∫—Ä–∞—è; 
- ¬´–¶–µ–Ω—Ç—Ä–∞–ª—å–Ω—ã–π¬ª –ø–∞—Ä–∫ 
 
–û—Ç–ø–ª—ã—Ç–∏–µ: —Å—É–±–±–æ—Ç–∞, –≤–æ—Å–∫—Ä–µ—Å–µ–Ω—å–µ –≤ 8:00 
–û—Ç–ø–ª—ã—Ç–∏–µ –≤ –ö–∞–∑–∞–Ω—å: —Å—É–±–±–æ—Ç–∞, –≤–æ—Å–∫—Ä–µ—Å–µ–Ω—å–µ –≤ 15:05
–°—Ç–æ–∏–º–æ—Å—Ç—å –ø—Ä–æ–µ–∑–¥–∞: 376 —Ä—É–±–ª–µ–π"
326,"–° –¥–æ–±—Ä—ã–º —É—Ç—Ä–æ–º, –∫–∞–∑–∞–Ω—Ü—ã!
–í—Å–µ—Ö —Å –ø—è—Ç–Ω–∏—Ü–µ–π!"
24,"–ü–æ–≥–æ–¥–∞ –≤ –ö–∞–∑–∞–Ω–∏ –Ω–∞ –ø—è—Ç–Ω–∏—Ü—É, 18 –∏—é–Ω—è"
427,"–¢–∞–Ω—Ü—ã –Ω–∞ –ë–∞—É–º–∞–Ω–∞üòé
–û—Ü–µ–Ω–∏–≤–∞–µ–º)"
384,"–í —ç—Ç–æ–º –≥–æ–¥—É –≤ –ö–∞–∑–∞–Ω–∏ –±–ª–∞–≥–æ—É—Å—Ç—Ä–æ—è—Ç —à–µ—Å—Ç—å –æ–±—â–µ—Å—Ç–≤–µ–Ω–Ω—ã—Ö –ø—Ä–æ—Å—Ç—Ä–∞–Ω—Å—Ç–≤: –ü–∞—Ä–∫ –≤ –ñ–ö ¬´–°–∞–ª–∞–≤–∞—Ç –ö—É–ø–µ—Ä–µ¬ª, –∑–æ–Ω–∞ –æ—Ç–¥—ã—Ö–∞ –Ω–∞ –ß–∞–π–∫–æ–≤—ã—Ö –æ–∑–µ—Ä–∞—Ö, —Ç–µ—Ä—Ä–∏—Ç–æ—Ä–∏—è –≤–±–ª–∏–∑–∏ –ì–æ–ª—É–±—ã—Ö –æ–∑–µ—Ä, —Å–∫–≤–µ—Ä –∏–º.–õ.–ù.–¢–æ–ª—Å—Ç–æ–≥–æ, –ù–∞–±–µ—Ä–µ–∂–Ω—É—é –æ–∑–µ—Ä–∞ –ù–∏–∂–Ω–∏–π –ö–∞–±–∞–Ω, –ø–∞—Ä–∫ ¬´–ß–µ—Ä–Ω–æ–µ –æ–∑–µ—Ä–æ¬ª. –ü–æ—Å–º–æ—Ç—Ä–∏—Ç–µ –∫–∞–∫ —ç—Ç–æ –±—É–¥–µ—Ç:"
22,"üí• 19 –∏—é–Ω—è –Ω–∞ –∫—Ä—ã—à–µ KazanMall [club197380771|@kazanmall_official] –ø—Ä–æ–π–¥–µ—Ç #–§–µ—Å—Ç–∏–≤–∞–ª—å–£–ª–∏—á–Ω–æ–π–ö—É–ª—å—Ç—É—Ä—ã MallOKO ü§© 
 
üî• –ü—Ä–∏–∑–æ–≤–æ–π —Ñ–æ–Ω–¥ 250000 —Ä—É–±–ª–µ–π!üéâ 
 
–í –ø—Ä–æ–≥—Ä–∞–º–º–µ: 
üî¥ Street Dance –¢—É—Ä–Ω–∏—Ä 
 
üö©–ù–æ–º–∏–Ω–∞—Ü–∏—è –ë—Ä–µ–π–∫–∏–Ω–≥ (1 vs 1), –ë—Ä–µ–π–∫–∏–Ω–≥ (3 vs 3). 
 
–°—É–¥—å–∏: 
Beatmaster (–ú–æ—Å–∫–≤–∞) @beatmastert 
–°an (–ö–∞–∑–∞–Ω—å) @can_o.p 
Smol 01 Funk Fanatix (–°–∞–Ω–∫—Ç - –ü–µ—Ç–µ—Ä–±—É—Ä–≥) @smol01_ff 
 
üö©–û—Ç–∫—Ä—ã—Ç–∞—è –Ω–æ–º–∏–Ω–∞—Ü–∏—è ALL Styles (3 vs 3) 
 
–°—É–¥—å–∏: 
–ú–æ–Ω–≥–æ–ª (–ß–µ–±–æ–∫—Å–∞—Ä—ã) @original_mongol 
–ô–æ–≥—É—Ä—Ç (–ö–∞–∑–∞–Ω—å) [id18813208|@christinayoghurt] 
–ù—É—Ä–±–µ–∫ (–ö–∞–∑–∞–Ω—å) @can_o.p 
 
üî¥Art Street –¢—É—Ä–Ω–∏—Ä 
 
–°—É–¥—å—è: 
Trun (–°–∞–Ω–∫—Ç –ü–µ—Ç–µ—Ä–±—É—Ä–≥) [id466718|@trunskee] 
 
üî¥ –ê —Ç–∞–∫–∂–µ –≤–∞—Å –∂–¥—É—Ç: 
‚≠êDrop contest - BMX —Ç—Ä—é–∫–∏ –ø–æ–¥ —Å–µ—Ç Dj 
‚≠êImprovisation Jam - –§–æ—Ä–º–∞—Ç –∏–º–ø—Ä–æ–≤–∏–∑–∞—Ü–∏–∏ 
‚≠êCustom MallOKO - –º–∞—Å—Ç–µ—Ä-–∫–ª–∞—Å—Å 
‚≠ê–ú–æ–¥–Ω—ã–π –º–µ—Ä—á –Ω–∞ —Ç–≤–æ–µ–π —Ñ—É—Ç–±–æ–ª–∫–µ –æ—Ç –≥—Ä–∞—Ñ—Ñ–∏—Ç–∏-—Ö—É–¥–æ–∂–Ω–∏–∫–æ–≤ 
 
üî• –•–µ–¥–ª–∞–π–Ω–µ—Ä –ø—Ä–æ–≥—Ä–∞–º–º—ã - –Ω–µ–ø–æ–¥—Ä–∞–∂–∞–µ–º–∞—è Aygyul [id27762653|@aygyul] üí£ 
 
üö©–ù–∞—á–∞–ª–æ –≤ 13:00 
üö©–ó–∞—è–≤–∫–∏ –ø—Ä–∏–Ω–∏–º–∞—é—Ç—Å—è –Ω–∞ –ø–æ—á—Ç—É malloko2021@bk.ru 
üö© –ü–æ –≤—Å–µ–º –≤–æ–ø—Ä–æ—Å–∞–º üì≤+7-987-296-68-86 
 
–£—á–∞—Å—Ç–≤—É–π—Ç–µ c–∞–º–∏ –∏–ª–∏ –ø—Ä–∏—Ö–æ–¥–∏—Ç–µ –ø–æ—Å–º–æ—Ç—Ä–µ—Ç—å –∏ –ø–æ–¥–¥–µ—Ä–∂–∞—Ç—å –≤—ã—Å—Ç—É–ø–∞—é—â–∏—Ö!üëç 
 
üåû –ü—Ä–æ–≤–µ–¥–∏ –ª–µ—Ç–æ –Ω–∞ –∫—Ä—ã—à–µ KazanMall [club197380771|@kazanmall_official]!"
683,–°–∞–º–∞—è –≤—ã—Å–æ–∫–∞—è —Ç–æ—á–∫–∞ –¢–∞—Ç–∞—Ä—Å—Ç–∞–Ω–∞ - –ß–∞—Ç—ã—Ä-—Ç–∞—É –≤ –ê–∑–Ω–∞–∫–∞–µ–≤–æ
24,"19 –∏ 20 –∏—é–Ω—è –≤ 12:00 –≤ —Ç–≤–æ—Ä—á–µ—Å–∫–æ–π –º–∞—Å—Ç–µ—Ä—Å–∫–æ–π –±—É–ª—å–≤–∞—Ä ""–ë–µ–ª—ã–µ —Ü–≤–µ—Ç—ã"" –ø—Ä–æ–π–¥–µ—Ç –º–∞—Å—Ç–µ—Ä-–∫–ª–∞—Å—Å: —Ä–∏—Å—É–µ–º –ª–∞–≤–∞–Ω–¥–æ–≤–æ–µ –ø–æ–ª–µ –º–∞—Å–ª–æ–º. –ó–∞ –ø–æ–ª—Ç–æ—Ä–∞ —á–∞—Å–∞ –≤—ã —Å–æ–∑–¥–∞–¥–∏—Ç–µ –∫–∞—Ä—Ç–∏–Ω—É –ø–∞—Å—Ç–µ–ª—å—é –∏ –º–∞—Å–ª—è–Ω—ã–º–∏ –∫—Ä–∞—Å–∫–∞–º–∏, –∏ –∑–∞–±–µ—Ä—ë—Ç–µ –µ–µ —Å —Å–æ–±–æ–π. –í–∞–º –Ω–µ –Ω—É–∂–Ω–æ –Ω–∏–∫–∞–∫–∏—Ö –Ω–∞–≤—ã–∫–æ–≤ —Ä–∏—Å–æ–≤–∞–Ω–∏—è, –≤–∞–º –≥–∞—Ä–∞–Ω—Ç–∏—Ä—É—é—Ç —É—Å–ø–µ—Ö. –ú–∞—Ç–µ—Ä–∏–∞–ª—ã –∏ –∏–Ω—Å—Ç—Ä—É–º–µ–Ω—Ç—ã –ø—Ä–µ–¥–æ—Å—Ç–∞–≤—è—Ç 
 
–ó–∞–ø–∏—Å—å: https://kzngo.ru/event/master-klass-risuem-lavandovoe-pole-9287"
44,"18 –∏—é–Ω—è —Å 19:30 –¥–æ 22:00 –Ω–∞ —Å–ø–æ—Ä—Ç–∏–≤–Ω–æ–π –ø–ª–æ—â–∞–¥–∫–µ –ö—Ä–µ–º–ª–µ–≤—Å–∫–æ–π –Ω–∞–±–µ—Ä–µ–∂–Ω–æ–π —Å–æ—Å—Ç–æ–∏—Ç—Å—è –æ–ø–µ–Ω —ç–π—Ä –æ—Ç —Å—Ç—É–¥–∏–∏ —Ç–∞–Ω—Ü–∞ Sense. –í –ø—Ä–æ–≥—Ä–∞–º–º–µ: –ë–∞—á–∞—Ç–∞, —Å–∞–ª—å—Å–∞, –ó—É–∫ –∏ –∫–∏–∑–æ–º–±–∞. –ñ–¥—É—Ç –≤—Å–µ—Ö –∂–µ–ª–∞—é—â–∏—Ö! –í—Ö–æ–¥ —Å–≤–æ–±–æ–¥–Ω—ã–π 
 
–ü–æ–¥—Ä–æ–±–Ω–µ–µ: https://kzngo.ru/event/open-ejr-ot-studii-tanca-sense-na-kremlevskoj-nabereznoj-9495"
319,–†–∞–∏—Ñ—Å–∫–∏–µ –∫–æ—Ç–∏–∫–∏üòä
5,"–í–∞–∫–∞–Ω—Å–∏—è –≤ –ö–∞–∑–∞–Ω–∏ 
 
–í –∞–ø—Ç–µ—á–Ω—É—é —Å–µ—Ç—å ¬´–§–∞—Ä–º–ª–µ–Ω–¥¬ª —Ç—Ä–µ–±—É—é—Ç—Å—è: 
 
–ü—Ä–æ–≤–∏–∑–æ—Ä—ã /–§–∞—Ä–º–∞—Ü–µ–≤—Ç—ã 
 
–ó/–ü –æ—Ç 28 000 —Ä—É–±. –≤ –º–µ—Å—è—Ü 
 
–û–±—è–∑–∞–Ω–Ω–æ—Å—Ç–∏: 
–û—Ç–ø—É—Å–∫ –ª–µ–∫–∞—Ä—Å—Ç–≤–µ–Ω–Ω—ã—Ö —Å—Ä–µ–¥—Å—Ç–≤, –ë–ê–î–æ–≤, –∏–∑–¥–µ–ª–∏–π –º–µ–¥–∏—Ü–∏–Ω—Å–∫–æ–≥–æ –Ω–∞–∑–Ω–∞—á–µ–Ω–∏—è, –∫–æ—Å–º–µ—Ç–∏—á–µ—Å–∫–∏—Ö —Å—Ä–µ–¥—Å—Ç–≤, —Ç–æ–≤–∞—Ä–æ–≤ –¥–µ—Ç—Å–∫–æ–≥–æ –∞—Å—Å–æ—Ä—Ç–∏–º–µ–Ω—Ç–∞, –æ—Ä—Ç–æ–ø–µ–¥–∏—á–µ—Å–∫–∏—Ö —Ç–æ–≤–∞—Ä–æ–≤ 
–£—á–∞—Å—Ç–∏–µ –≤ –ø—Ä–∏–µ–º–µ —Ç–æ–≤–∞—Ä–æ–≤ 
–ü–æ–¥–¥–µ—Ä–∂–∞–Ω–∏–µ —Ñ–∞—Ä–º–∞—Ü–µ–≤—Ç–∏—á–µ—Å–∫–æ–≥–æ –ø–æ—Ä—è–¥–∫–∞ –≤ –∞–ø—Ç–µ–∫–µ 
 
–¢—Ä–µ–±–æ–≤–∞–Ω–∏—è: 
–°—Ä–µ–¥–Ω–µ–µ –∏–ª–∏ –≤—ã—Å—à–µ–µ —Ñ–∞—Ä–º–∞—Ü–µ–≤—Ç–∏—á–µ—Å–∫–æ–µ –æ–±—Ä–∞–∑–æ–≤–∞–Ω–∏–µ. 
–ù–∞–ª–∏—á–∏–µ —Å–µ—Ä—Ç–∏—Ñ–∏–∫–∞—Ç–∞ —Å–ø–µ—Ü–∏–∞–ª–∏—Å—Ç–∞ 
–ì—Ä–∞–∂–¥–∞–Ω—Å—Ç–≤–æ –†–§. 
–û–ø—ã—Ç —Ä–∞–±–æ—Ç—ã –ø—Ä–∏–≤–µ—Ç—Å—Ç–≤—É–µ—Ç—Å—è. 
 
–£—Å–ª–æ–≤–∏—è: 
–¢—Ä—É–¥–æ—É—Å—Ç—Ä–æ–π—Å—Ç–≤–æ –≤ –Ω–∞–¥–µ–∂–Ω–æ–π —Ñ–µ–¥–µ—Ä–∞–ª—å–Ω–æ–π –∫–æ–º–ø–∞–Ω–∏–∏ 
–°–æ–≤—Ä–µ–º–µ–Ω–Ω–æ–µ –æ—Å–Ω–∞—â–µ–Ω–∏–µ –∞–ø—Ç–µ–∫, —à–∏—Ä–æ–∫–∏–π –∞—Å—Å–æ—Ä—Ç–∏–º–µ–Ω—Ç –∏ –º–∞—Å—à—Ç–∞–±–Ω—ã–µ –∞–∫—Ü–∏–∏ –¥–ª—è –ø–æ–∫—É–ø–∞—Ç–µ–ª–µ–π 
–°—Ç–∞–±–∏–ª—å–Ω–∞—è –∏ –æ—Ñ–∏—Ü–∏–∞–ª—å–Ω–∞—è –∑–∞—Ä–∞–±–æ—Ç–Ω–∞—è –ø–ª–∞—Ç–∞ 
–ü–æ–ª–Ω—ã–π —Å–æ—Ü.–ø–∞–∫–µ—Ç 
–ü–æ–≤—ã—à–µ–Ω–∏–µ –∫–≤–∞–ª–∏—Ñ–∏–∫–∞—Ü–∏–∏ –∏ –ø—Ä–æ—Ñ–µ—Å—Å–∏–æ–Ω–∞–ª—å–Ω—ã–π —Ä–æ—Å—Ç 
–°–º–µ–Ω–Ω—ã–π –≥—Ä–∞—Ñ–∏–∫ —Ä–∞–±–æ—Ç—ã 
–°–ª—É–∂–µ–±–Ω–æ–µ –∂–∏–ª—å—ë –¥–ª—è –∏–Ω–æ–≥–æ—Ä–æ–¥–Ω–∏—Ö 
–ò—Å–ø—ã—Ç–∞—Ç–µ–ª—å–Ω—ã–π —Å—Ä–æ–∫ - 3 –º–µ—Å—è—Ü–∞ 
–í–æ–∑–º–æ–∂–Ω–æ—Å—Ç—å –ø—Ä–æ—Ö–æ–∂–¥–µ–Ω–∏—è –æ–ø–ª–∞—á–∏–≤–∞–µ–º–æ–π –ø—Ä–∞–∫—Ç–∏–∫–∏ 
 
–û–±—Ä–∞—â–∞—Ç—å—Å—è –ø–æ —Ç–µ–ª–µ—Ñ–æ–Ω—É (843)204-00-77, –¥–æ–±. 4412 (–æ—Ç–¥–µ–ª –∫–∞–¥—Ä–æ–≤), –∏–ª–∏ –Ω–∞ –ø–æ—á—Ç—É kazan-ok@farmlend.ru"
14,"19 –∏—é–Ω—è –≤ 17:00 –≤ –º—É–∑–µ–µ –ö.–í–∞—Å–∏–ª—å–µ–≤–∞ –Ω–∞ —É–ª. –ë–∞—É–º–∞–Ω–∞ —Å–æ—Å—Ç–æ–∏—Ç—Å—è –∫–æ–Ω—Ü–µ—Ä—Ç —Å–∫—Ä–∏–ø–∏—á–Ω–æ–π –º—É–∑—ã–∫–∏, –∏—Å–ø–æ–ª–Ω–∏—Ç–µ–ª—å - –ú–∞—Ä—å—è–Ω–∞ –ü–ª—é—Ö–∏–Ω–∞, –ø–∞—Ä—Ç–∏—è —Ñ–æ—Ä—Ç–µ–ø–∏–∞–Ω–æ - –ù–∏–∫–æ–ª–∞–π –ï–¥—É–∫–∏–Ω. –ü—Ä–∏–≥–ª–∞—à–∞–µ–º –≤—Å–µ—Ö –∂–µ–ª–∞—é—â–∏—Ö!

–ü–æ–¥—Ä–æ–±–Ω–µ–µ: https://kzngo.ru/event/koncert-skripicnoj-muzyki-2-9508"
1000,–†—è–¥–æ–º —Å –ö–∞–∑–∞–Ω—å—é –∑–∞—Ü–≤–µ–ª–∏ –ª—é–ø–∏–Ω—ãüòç
24,"20 –∏—é–Ω—è –≤ 18:00 –ø—Ä–∏–≥–ª–∞—à–∞—é—Ç –≤—Å–µ—Ö –∂–µ–ª–∞—é—â–∏—Ö –ø–æ—Ç–∞–Ω—Ü–µ–≤–∞—Ç—å West Coast Swing –Ω–∞ –ö—Ä–µ–º–ª–µ–≤—Å–∫–æ–π –Ω–∞–±–µ—Ä–µ–∂–Ω–æ–π. –í–∞—Å –∂–¥–µ—Ç –ø—Ä–µ–∫—Ä–∞—Å–Ω–∞—è –º—É–∑—ã–∫–∞, –º–∞—Å—Ç–µ—Ä-–∫–ª–∞—Å—Å –¥–ª—è –Ω–∞—á–∏–Ω–∞—é—â–∏—Ö –∏, –∫–æ–Ω–µ—á–Ω–æ, –∂–µ —Ç–∞–Ω—Ü—ã. 
 
–ü–æ–¥—Ä–æ–±–Ω–µ–µ: https://kzngo.ru/event/west-coast-swing-open-air-na-kremlevskoy-naberezhnoy-8946"
590,–û–∑–µ—Ä–æ –ö–æ–º—Å–æ–º–æ–ª—å—Å–∫–æ–µ –≤ –î–µ—Ä–±—ã—à–∫–∞—Ö‚ú®
5,"üî• –°–∫–∏–¥–∫–∏ –¥–æ 50% –Ω–∞ –ø–æ–µ–∑–¥–∫–∏ –Ω–∞ —Ç–∞–∫—Å–∏ –≤ DiDi –¥–µ–Ω—å! 
 
–õ—É—á—à–∏–π –º–∞—Ä—à—Ä—É—Ç –≤ —ç—Ç—É –ø—è—Ç–Ω–∏—Ü—É: –Ω–∞ —Ä–∞–±–æ—Ç—É ‚Üí –∫ –¥—Ä—É–∑—å—è–º ‚Üí –Ω–∞ –æ—Ç–¥—ã—Ö ‚Üí –¥–æ–º–æ–π. –° DiDi –ø–æ–µ–∑–¥–∫–∏ –Ω–∞ —Ç–∞–∫—Å–∏ –º–æ–≥—É—Ç —Å—Ç–∞—Ç—å –≤—ã–≥–æ–¥–Ω–µ–µ, –≤–µ–¥—å 18 –∏—é–Ω—è 2021 –≥. DiDi –¥–∞—Ä–∏—Ç —Å–∫–∏–¥–∫–∏ –¥–æ 50%! 
 
–ú–∞–∫—Å–∏–º–∞–ª—å–Ω—ã–π —Ä–∞–∑–º–µ—Ä —Å–∫–∏–¥–∫–∏ –∑–∞ –ø–æ–µ–∑–¥–∫—É —Å–æ—Å—Ç–∞–≤–ª—è–µ—Ç 250 —Ä—É–±–ª–µ–π. –ü–æ–¥—Ä–æ–±–Ω–µ–µ –Ω–∞ https://ru.didiglobal.com/didi-day-2/ 
 
–ù–µ –ø–µ—Ä–µ–ø–ª–∞—Ç–∏ ‚Äì #–ü–µ—Ä–µ—Ö–æ–¥–∏–ù–∞DiDi"
56,"19 –∏—é–Ω—è –≤ 20:30 –≤ —Å–∫–≤–µ—Ä–µ –ó–∞–π–Ω–∏ –°—É–ª—Ç–∞–Ω–∞ –ø—Ä–æ–π–¥–µ—Ç –ø–æ–∫–∞–∑ —Ñ–∏–ª—å–º–∞ –ø–æ–¥ –æ—Ç–∫—Ä—ã—Ç—ã–º –Ω–µ–±–æ–º! –ë—É–¥—É—Ç –ø–æ–∫–∞–∑—ã–≤–∞—Ç—å —Ñ–∏–ª—å–º ¬´–ó–µ–ª–µ–Ω–∞—è –∫–Ω–∏–≥–∞¬ª. –£—Ç–æ–Ω—á–µ–Ω–Ω—ã–π —Å–≤–µ—Ç—Å–∫–∏–π –ª–µ–≤, –±–æ–≥–∞—Ç—ã–π –∏ —Ç–∞–ª–∞–Ω—Ç–ª–∏–≤—ã–π –º—É–∑—ã–∫–∞–Ω—Ç –Ω–∞–Ω–∏–º–∞–µ—Ç –≤ –∫–∞—á–µ—Å—Ç–≤–µ –≤–æ–¥–∏—Ç–µ–ª—è –∏ —Ç–µ–ª–æ—Ö—Ä–∞–Ω–∏—Ç–µ–ª—è —á–µ–ª–æ–≤–µ–∫–∞, –∫–æ—Ç–æ—Ä—ã–π –º–µ–Ω–µ–µ –≤—Å–µ–≥–æ –ø–æ–¥—Ö–æ–¥–∏—Ç –¥–ª—è —ç—Ç–æ–π —Ä–∞–±–æ—Ç—ã. –¢–æ–Ω–∏ –ø–æ –ø—Ä–æ–∑–≤–∏—â—É –ë–æ–ª—Ç—É–Ω ‚Äî –≤—ã—à–∏–±–∞–ª–∞, –Ω–µ —É–º–µ—é—â–∏–π –¥–µ—Ä–∂–∞—Ç—å —Ä–æ—Ç –Ω–∞ –∑–∞–º–∫–µ –∏ –ø–æ–ª—å–∑–æ–≤–∞—Ç—å—Å—è —Å—Ç–æ–ª–æ–≤—ã–º–∏ –ø—Ä–∏–±–æ—Ä–∞–º–∏, –∑–∞—Ç–æ –æ–Ω —Ö–æ—Ä–æ—à–æ —Ä–∞–±–æ—Ç–∞–µ—Ç –∫—É–ª–∞–∫–∞–º–∏. –≠—Ç–æ —Ç—É—Ä–Ω–µ –Ω–∞–≤—Å–µ–≥–¥–∞ –∏–∑–º–µ–Ω–∏—Ç –∂–∏–∑–Ω—å –æ–±–æ–∏—Ö.

–ü–æ–¥—Ä–æ–±–Ω–µ–µ: https://kzngo.ru/event/kinopokazy-v-staro-tatarskoy-slobode-7793"
324,"–ò–Ω—Ç–µ—Ä–µ—Å–Ω–æ–µ –º–µ—Å—Ç–æ –Ω–µ–¥–∞–ª–µ–∫–æ –æ—Ç –ö–∞–∑–∞–Ω–∏: –ò–ª—å–∏–Ω—Å–∫–∏–µ –≤–æ–¥–æ–ø–∞–¥—ã –≤ –¢–µ—Ç—é—à–∞—Ö 
 
–ü—Ä–∏–º–µ—Ä–Ω–æ –≤ 10 –∫–º –æ—Ç –¢–µ—Ç—é—à, –≤ –ò–ª—å–∏–Ω—Å–∫–æ–º –æ–≤—Ä–∞–≥–µ —É —Å–µ–ª–∞ –ò–ª—å–∏–Ω—Å–∫–æ–µ –Ω–∞—Ö–æ–¥–∏—Ç—Å—è –∫—Ä–∞—Å–∏–≤—ã–π –≤–æ–¥–æ–ø–∞–¥ —Å —Ä–æ–¥–Ω–∏–∫–æ–≤–æ–π –≤–æ–¥–æ–π. –î–ª—è –ø–æ–¥—Ö–æ–¥–∞ –∫ –≤–æ–¥–æ–ø–∞–¥—É –Ω–µ–æ–±—Ö–æ–¥–∏–º–æ —Å–ø—É—Å—Ç–∏—Ç—å—Å—è –ø–æ –æ—Å–Ω–æ–≤–Ω–æ–π —Ç—Ä–æ–ø–µ —é–∂–Ω–µ–µ –æ–≤—Ä–∞–≥–∞ –∏ –ø–æ–≤–µ—Ä–Ω—É—Ç—å –≤ –ø–ª–æ—Ö–æ –∑–∞–º–µ—Ç–Ω—É—é –Ω–∞ –º–µ—Å—Ç–Ω–æ—Å—Ç–∏ —Ç—Ä–æ–ø—É –Ω–∞–ª–µ–≤–æ. –í–æ–¥–æ–ø–∞–¥ —Å—á–∏—Ç–∞–µ—Ç—Å—è —Ç—Ä—É–¥–Ω–æ–¥–æ—Å—Ç—É–ø–Ω—ã–º, –∏ –Ω–µ–º–Ω–æ–≥–∏–µ –∏–∑ —Ç—É—Ä–∏—Å—Ç–æ–≤ –¥–æ–±–∏—Ä–∞—é—Ç—Å—è –¥–æ –Ω–µ–≥–æ —Å –ø–µ—Ä–≤–æ–≥–æ —Ä–∞–∑–∞)
 
–ö–æ–æ—Ä–¥–∏–Ω–∞—Ç—ã: 55.016631, 48.869667"
208,"–° –¥–æ–±—Ä—ã–º —É—Ç—Ä–æ–º, –∫–∞–∑–∞–Ω—Ü—ã!
–ß—É–¥–µ—Å–Ω–µ–π—à–µ–≥–æ –≤–∞–º –¥–Ω—è!"
23,"–ü–æ–≥–æ–¥–∞ –≤ –ö–∞–∑–∞–Ω–∏ –Ω–∞ —á–µ—Ç–≤–µ—Ä–≥, 17 –∏—é–Ω—è"
185,"–ò–Ω—Ç–µ—Ä–µ—Å–Ω—ã–µ –º–µ—Å—Ç–∞ –¥–ª—è –ª—é–±–∏—Ç–µ–ª–µ–π –ø—É—Ç–µ—à–µ—Å—Ç–≤–æ–≤–∞—Ç—å –Ω–∞ –∞–≤—Ç–æ: –ú—ã—Å ¬´–ü—Ç–∏—á–∏–∏ÃÜ –ø–æ–ª–µÃà—Ç¬ª 
 
–ú—ã—Å ¬´–ü—Ç–∏—á–∏–∏ÃÜ –ø–æ–ª–µÃà—Ç¬ª - —Å–∞–º–∞—è –≤—ã—Å–æ–∫–∞—è —Ç–æ—á–∫–∞ –Ω–∞–¥ —É—Ä–æ–≤–Ω–µ–º –í–æ–ª–≥–∏ –Ω–∞ —Ç–µ—Ä—Ä–∏—Ç–æ—Ä–∏–∏ –ß—É–≤–∞—à–∏–∏, –µ–µ –≤—ã—Å–æ—Ç–∞ ‚Äî –±–æ–ª–µ–µ 190 –º–µ—Ç—Ä–æ–≤. –≠—Ç–æ –æ–¥–Ω–æ –∏–∑ —Å–∞–º—ã—Ö —É–¥–∏–≤–∏—Ç–µ–ª—å–Ω—ã—Ö –º–µ—Å—Ç —Ä–µ—Å–ø—É–±–ª–∏–∫–∏. –° –≤—ã—Å–æ—Ç—ã ¬´–ü—Ç–∏—á—å–µ–≥–æ –ø–æ–ª–µÃà—Ç–∞¬ª –º–æ–∂–Ω–æ —É–≤–∏–¥–µ—Ç—å –Ω–µ —Ç–æ–ª—å–∫–æ –í–æ–ª–≥—É, –Ω–æ –∏ —É—Å—Ç—å–µ —Ä–µ–∫–∏ –ê–Ω–∏—à, –Ω–µ—Å–∫–æ–ª—å–∫–æ –æ—Å—Ç—Ä–æ–≤–æ–≤, –∑–∞–ª–∏–≤–Ω—ã–µ –ª—É–≥–∞ –∏ –ö–∞–∑–∞–Ω—Å–∫–∏–∏ÃÜ –∑–∞—Ç–æ–Ω, —Ä–∞–∑–ª–∏–≤ —Ä–µ–∫–∏ –ò–ª–µ—Ç—å, –∏ –¥–∞–∂–µ –ª–µ—Å–∞ –†–µ—Å–ø—É–±–ª–∏–∫–∏ –ú–∞—Ä–∏–∏ÃÜ –≠–ª. 
 
–ö–∞–∫ –¥–æ–±—Ä–∞—Ç—å—Å—è: –ù–∞—Ö–æ–¥–∏—Ç—Å—è —Å–º–æ—Ç—Ä–æ–≤–∞—è –ø–ª–æ—â–∞–¥–∫–∞ –≤ –¥–µ—Ä–µ–≤–Ω–µ –ù–æ–≤–æ—Ä–æ–¥–∏–æ–Ω–æ–≤–∫–∞, –≤ –ø—è—Ç–∏ –∫–∏–ª–æ–º–µ—Ç—Ä–∞—Ö –æ—Ç –≥–æ—Ä–æ–¥–∞ –ö–æ–∑–ª–æ–≤–∫–∞, –ß—É–≤–∞—à–∏—è. 
üìç55.871038 , 48.203734"
565,"–†–µ–¥–∫–∏–µ –∫–∞–¥—Ä—ãüôà 
–ì–æ–ª—É–±–æ–µ –æ–∑–µ—Ä–æ –∏ –±–µ–∑ –¥–µ–≤—É—à–µ–∫üòÉ"
13,
236,"–ü—Ä–æ–ª–µ—Ç–∞—è –Ω–∞–¥ –ö–∞–∑–∞–Ω—å—éüòÉ 
–•–æ—Ç–µ–ª–∏ –±—ã –ø–æ–ø—Ä–æ–±–æ–≤–∞—Ç—å?)"
82,"20 –∏—é–Ω—è –≤ 13:00 Lingualike Kazan –ø—Ä–∏–≥–ª–∞—à–∞–µ—Ç –Ω–∞ –±–µ—Å–ø–ª–∞—Ç–Ω—ã–π —É—Ä–æ–∫ –∞—Ä–∞–±—Å–∫–æ–≥–æ —è–∑—ã–∫–∞ —Å –Ω–æ—Å–∏—Ç–µ–ª–µ–º —è–∑—ã–∫–∞. –ü—Ä–æ–≥—Ä–∞–º–º–∞ –æ—Ç–∫—Ä—ã—Ç–æ–≥–æ —É—Ä–æ–∫–∞: –ø—Ä–æ–π–¥—ë–º –∞–ª—Ñ–∞–≤–∏—Ç, —Ä–∞–∑–±–µ—Ä–µ—Ç–µ –æ—Å–Ω–æ–≤–Ω—É—é –ª–µ–∫—Å–∏–∫—É, –∫–æ—Ç–æ—Ä—É—é –∏—Å–ø–æ–ª—å–∑—É–µ—Ç–µ –≤ –ø–æ–≤—Å–µ–¥–Ω–µ–≤–Ω–æ–π –∂–∏–∑–Ω–∏,–ø–æ –ø—Ä–∞–∫—Ç–∏–∫—É–µ–º —Ä–µ—á—å —Å –Ω–æ—Å–∏—Ç–µ–ª–µ–º —è–∑—ã–∫–∞ –∏ –≤—ã—É—á–∏—Ç–µ 50 –Ω–æ–≤—ã—Ö —Å–ª–æ–≤. –í–∞—Å –∂–¥—É—Ç –∏–Ω—Ç–µ—Ä–∞–∫—Ç–∏–≤–Ω—ã–µ –∏–≥—Ä—ã –ø—Ä–∞–∫—Ç–∏–∫–∞ —Ä–µ—á–∏ –∏ –Ω–∞—Ä–∞–±–æ—Ç–∫–∞ —Å–ª–æ–≤–∞—Ä–Ω–æ–≥–æ –∑–∞–ø–∞—Å–∞!

–ó–∞–ø–∏—Å—å: https://kzngo.ru/event/besplatnyj-urok-po-arabskomu-azyku-s-nositelem-azyka-9319"
12,"19 –∏—é–Ω—è –≤ 17:00 —Å–º–æ—Ç—Ä–∏–º –∏ –æ–±—Å—É–∂–¥–∞–µ–º —Ñ–∏–ª—å–º –°–º–æ—Ç—Ä–∏–º –∏ –æ–±—Å—É–∂–¥–∞–µ–º —Ñ–∏–ª—å–º –õ—É–∫–∏–Ω–æ –í–∏—Å–∫–æ–Ω—Ç–∏ ""–°–º–µ—Ä—Ç—å –≤ –í–µ–Ω–µ—Ü–∏–∏"" 1971 –≥–æ–¥–∞. –ü–µ—Ä–µ–∂–∏–≤–∞—é—â–∏–π –¥—É—Ö–æ–≤–Ω—ã–π –∏ —Ç–≤–æ—Ä—á–µ—Å–∫–∏–π –∫—Ä–∏–∑–∏—Å –∫–æ–º–ø–æ–∑–∏—Ç–æ—Ä –ì—É—Å—Ç–∞–≤ —Ñ–æ–Ω –ê—à–µ–Ω–±–∞—Ö –ø—Ä–∏–µ–∑–∂–∞–µ—Ç –≤–µ—Å–Ω–æ–π 1911 –≥–æ–¥–∞ –Ω–∞ –∫—É—Ä–æ—Ä—Ç –±–ª–∏–∑ –í–µ–Ω–µ—Ü–∏–∏.

–ü–æ–¥—Ä–æ–±–Ω–µ–µ: https://kzngo.ru/event/smotrim-i-obsuzdaem-film-lukino-viskonti-smert-v-venecii-1971-goda-8779"
91,–ñ–µ–ª–µ–∑–Ω—ã–π —Ç—Ä–æ–Ω –∏–∑ –ò–≥—Ä—ã –ü—Ä–µ—Å—Ç–æ–ª–æ–≤ –≤ –ö–∞–∑–∞–Ω—Å–∫–æ–º –ö—Ä–µ–º–ª–µüòé
37,"–° 17 –∏—é–Ω—è –≤ –ø–∞—Ä–∫–µ ¬´–ö—Ä—ã–ª—å—è –°–æ–≤–µ—Ç–æ–≤¬ª –∑–∞–ø—É—Å–∫–∞–µ—Ç—Å—è –ø—Ä–æ–µ–∫—Ç ¬´–¢–∞–Ω—Ü–ø–ª–æ—â–∞–¥–∫–∞¬ª. –ü—Ä–æ—Ñ–µ—Å—Å–∏–æ–Ω–∞–ª—å–Ω—ã–µ –ø—Ä–µ–ø–æ–¥–∞–≤–∞—Ç–µ–ª–∏ –Ω–∞—É—á–∞—Ç –≤—Å–µ—Ö –∂–µ–ª–∞—é—â–∏—Ö —Ç–∞–Ω—Ü–µ–≤–∞—Ç—å –≤–∞–ª—å—Å, —Ç–∞–Ω–≥–æ, —Ä–æ–∫-–Ω-—Ä–æ–ª–ª, —Ñ–æ–∫—Å—Ç—Ä–æ—Ç –∏ –¥—Ä—É–≥–∏–µ —Ç–∞–Ω—Ü—ã –ø–æ–¥ —Ä–∏—Ç–º—ã 40‚Äì80-—Ö –≥–æ–¥–æ–≤. –ó–∞–Ω—è—Ç–∏—è –ø–æ–¥—Ö–æ–¥—è—Ç –¥–ª—è –ª—é–¥–µ–π –ª—é–±–æ–≥–æ –≤–æ–∑—Ä–∞—Å—Ç–∞ –∏ —É—Ä–æ–≤–Ω—è –ø–æ–¥–≥–æ—Ç–æ–≤–∫–∏.

–ü–æ–¥—Ä–æ–±–Ω–µ–µ: https://kzngo.ru/event/besplatnye-uroki-tancev-v-parke-kryla-sovetov-9506"
776,–•–∞–Ω—É–º–∞ –Ω–∞ –ë–∞—É–º–∞–Ω–∞ 68 - —É—é—Ç–Ω–æ–µ –º–µ—Å—Ç–µ—á–∫–æ –≤ —Ü–µ–Ω—Ç—Ä–µ –ö–∞–∑–∞–Ω–∏üòä
68,"19 –∏—é–Ω—è —Å 22:00 –¥–æ 06:00 –≤ –ê–Ω—Ç–∏–∫–∞—Ñ–µ –ë–∞–∫–ª–∞–∂–∞–Ω —Å–æ—Å—Ç–æ–∏—Ç—Å—è –∫–∏–Ω–æ–Ω–æ—á—å ""–•–∞—è–æ –ú–∏—è–¥–∑–∞–∫–∏"". –°–º–æ—Ç—Ä–∏–º: –•–æ–¥—è—á–∏–π –∑–∞–º–æ–∫, –ü—Ä–∏–Ω—Ü–µ—Å—Å–∞ –ú–æ–Ω–æ–Ω–æ–∫–µ, –£–Ω–µ—Å–µ–Ω–Ω—ã–µ –≤–µ—Ç—Ä–æ–º, –ú–æ–π —Å–æ—Å–µ–¥ –¢–æ—Ç–æ—Ä–æ.

–ü–æ–¥—Ä–æ–±–Ω–µ–µ: https://kzngo.ru/event/pokaz-klassicheskih-lent-hayao-miyadzaki-6226"
738,"–¢–µ—Ä—Ä–∞—Å–∞ –Ω–∞ –∫—Ä—ã—à–µ –¢–¶ KazanMallüëáüèª
–í—Å—è –ö–∞–∑–∞–Ω—å —Ç–∞–º?))"
12,
33,"16 –∏—é–Ω—è –≤ 19:00 –Ω–∞ –Ω–∞–±–µ—Ä–µ–∂–Ω–æ–π –æ–∑–µ—Ä–∞ –ö–∞–±–∞–Ω –ø—Ä–æ–π–¥–µ—Ç –∑–∞–Ω—è—Ç–∏–µ —Ä–∞–∑–≥–æ–≤–æ—Ä–Ω–æ–≥–æ –∫–ª—É–±–∞ —Ç–∞—Ç–∞—Ä—Å–∫–æ–≥–æ —è–∑—ã–∫–∞. –ü—Ä–∏—Å–æ–µ–¥–∏–Ω–∏—Ç—å—Å—è –∫ —É—Ä–æ–∫—É –º–æ–≥—É—Ç –≤—Å–µ –∂–µ–ª–∞—é—â–∏–µ —Å –ª—é–±—ã–º —É—Ä–æ–≤–Ω–µ–º –∑–Ω–∞–Ω–∏—è —è–∑—ã–∫–∞. –ó–∞–Ω—è—Ç–∏—è –≤ —Ä–∞–∑–≥–æ–≤–æ—Ä–Ω–æ–º –∫–ª—É–±–µ –ø–æ–º–æ–≥—É—Ç –ø—Ä–µ–æ–¥–æ–ª–µ—Ç—å —è–∑—ã–∫–æ–≤–æ–π –±–∞—Ä—å–µ—Ä, –Ω–∞—É—á–∏—Ç—å—Å—è –ø—Ä–∞–≤–∏–ª—å–Ω–æ —Ñ–æ—Ä–º—É–ª–∏—Ä–æ–≤–∞—Ç—å –º—ã—Å–ª–∏ –Ω–∞ —Ç–∞—Ç–∞—Ä—Å–∫–æ–º —è–∑—ã–∫–µ –∏ –ø–æ–≥—Ä—É–∑–∏—Ç—å—Å—è –≤ —è–∑—ã–∫–æ–≤—É—é —Å—Ä–µ–¥—É. 
 
–†–µ–≥–∏—Å—Ç—Ä–∞—Ü–∏—è: https://kzngo.ru/event/zanatie-po-tatarskomu-azyku-9493"
954,"–ü–µ–≤–∏—Ü—É –ú–∞–∫S–∏–º –≥–æ—Å–ø–∏—Ç–∞–ª–∏–∑–∏—Ä–æ–≤–∞–ª–∏ —Å 40-–ø—Ä–æ—Ü–µ–Ω—Ç–Ω—ã–º –ø–æ—Ä–∞–∂–µ–Ω–∏–µ–º –ª–µ–≥–∫–∏—Ö –ø–æ—Å–ª–µ –∫–æ–Ω—Ü–µ—Ä—Ç–∞ –≤ –ö–∞–∑–∞–Ω–∏üò≥ –ü–æ —Å–ª–æ–≤–∞–º –ø–µ–≤–∏—Ü—ã –≤ ¬´–ò–Ω—Å—Ç–∞–≥—Ä–∞–º¬ª, 11 –∏—é–Ω—è –æ–Ω–∞ –ø–æ—á—É–≤—Å—Ç–≤–æ–≤–∞–ª–∞ —Å–∏–º–ø—Ç–æ–º—ã –ø—Ä–æ—Å—Ç—É–¥—ã –∏ —Å–¥–µ–ª–∞–ª–∞ —Å—Ä–æ—á–Ω—ã–π —Ç–µ—Å—Ç –Ω–∞ –∫–æ—Ä–æ–Ω–∞–≤–∏—Ä—É—Å, –∫–æ—Ç–æ—Ä—ã–π –ø–æ–∫–∞–∑–∞–ª –æ—Ç—Ä–∏—Ü–∞—Ç–µ–ª—å–Ω—ã–π —Ä–µ–∑—É–ª—å—Ç–∞—Ç. –û–Ω–∞ —Ä–µ—à–∏–ª–∞ –Ω–µ –æ—Ç–º–µ–Ω—è—Ç—å –∫–æ–Ω—Ü–µ—Ä—Ç."
148,"–° –¥–æ–±—Ä—ã–º —É—Ç—Ä–æ–º, –∫–∞–∑–∞–Ω—Ü—ã!
–ö–ª–∞—Å—Å–Ω–æ–≥–æ –≤–∞–º –¥–Ω—è!"
28,"–ü–æ–≥–æ–¥–∞ –≤ –ö–∞–∑–∞–Ω–∏ –Ω–∞ —Å—Ä–µ–¥—É, 16 –∏—é–Ω—è"
648,"–ú–æ—Å—Ç —á–µ—Ä–µ–∑ –ö–∞–º—É 
–°–æ—Ä–æ—á—å–∏ –ì–æ—Ä—ãüòç"
85,–ñ–∞—Ä–∞ –≤–æ–∑–≤—Ä–∞—â–∞–µ—Ç—Å—è –≤ –ö–∞–∑–∞–Ω—å‚òÄ –£–∂–µ –∑–∞–≤—Ç—Ä–∞ –æ–∂–∏–¥–∞–µ—Ç—Å—è +31 –∏ –≤–ø–µ—Ä–µ–¥–∏ 2 –∂–∞—Ä–∫–∏–µ –Ω–µ–¥–µ–ª–∏üåû
35,"–°–æ—Ö—Ä–∞–Ω–∏—Ç–µ —ç—Ç–∏ –¥–∞—Ç—ã –≤ –∫–∞–ª–µ–Ω–¥–∞—Ä—å: 1-3 –∏—é–ª—è –≤ –ö–∞–∑–∞–Ω–∏ –ø—Ä–æ–π–¥–µ—Ç —Ñ–µ—Å—Ç–∏–≤–∞–ª—å –±–∞—Ä–Ω–æ–π –∫—É–ª—å—Ç—É—Ä—ã Barproof Street

–ß—Ç–æ –≤–∞—Å –æ–∂–∏–¥–∞–µ—Ç:
- 30 –ª—É—á—à–∏—Ö –±–∞—Ä–æ–≤ —Å–æ –≤—Å–µ–≥–æ –º–∏—Ä–∞
- —ç–∫—Å–∫–ª—é–∑–∏–≤–Ω–æ–µ –º–µ–Ω—é
- –º–∞—Å—Ç–µ—Ä-–∫–ª–∞—Å—Å—ã –æ—Ç –≤–µ–¥—É—â–∏—Ö –±–∞—Ä–º–µ–Ω–æ–≤
- –∫–∏–Ω–æ-–º—É–∑—ã–∫–∞–ª—å–Ω–∞—è –≤–∏–∫—Ç–æ—Ä–∏–Ω–∞ OMG Game

–ú—É–∑—ã–∫–∞–ª—å–Ω–∞—è –ø—Ä–æ–≥—Ä–∞–º–º–∞ —Ç–æ–∂–µ –ø—Ä–µ–¥—É—Å–º–æ—Ç—Ä–µ–Ω–∞ –Ω–∞—Å—ã—â–µ–Ω–Ω–∞—è: —Ö–µ–¥–ª–∞–π–Ω–µ—Ä–æ–º —Ñ–µ—Å—Ç–∏–≤–∞–ª—è —Å—Ç–∞–Ω–µ—Ç –ù–∞–π–∫ –ë–æ—Ä–∑–æ–≤. –ö—Ä–æ–º–µ –ø—Ä–æ—Ñ–µ—Å—Å–∏–æ–Ω–∞–ª—å–Ω—ã—Ö –º—É–∑—ã–∫–∞–Ω—Ç–æ–≤ –∏ –¥–∏–¥–∂–µ–µ–≤, –Ω–∞ —Å—Ü–µ–Ω–µ –≤—ã—Å—Ç—É–ø—è—Ç –¥–∏–¥–∂–µ–∏-–±–∞—Ä—Ç–µ–Ω–¥–µ—Ä—ã, –∫–æ—Ç–æ—Ä—ã–µ –∏—Å–∫—É—Å–Ω–æ –º–∏–∫—Å—É—é—Ç –Ω–µ —Ç–æ–ª—å–∫–æ –Ω–∞–ø–∏—Ç–∫–∏, –Ω–æ –∏ –º—É–∑—ã–∫—É.

–£—Å–ø–µ–π—Ç–µ –∫—É–ø–∏—Ç—å –±–∏–ª–µ—Ç—ã, –ø–æ–∫–∞ –æ–Ω–∏ –µ—Å—Ç—å –≤ –Ω–∞–ª–∏—á–∏–∏. –ü–æ–¥—Ä–æ–±–Ω–∞—è –∏–Ω—Ñ–æ—Ä–º–∞—Ü–∏—è –Ω–∞ —Å–∞–π—Ç–µ barproofstreet.ru.

–§–µ—Å—Ç–∏–≤–∞–ª—å –ø—Ä–æ–π–¥–µ—Ç –Ω–∞ —Ç–µ—Ä—Ä–∏—Ç–æ—Ä–∏–∏ –ö–∞–∑–∞–Ω—Å–∫–æ–π —è—Ä–º–∞—Ä–∫–∏. –î–æ –≤—Å—Ç—Ä–µ—á–∏!

#—è–µ–¥—É–≤–∫–∞–∑–∞–Ω—å #–∫–∞–∑–∞–Ω—å #–ª–µ—Ç–æ
#barproofawards #barproof#barproof2021 #BarproofEducation
#barproofstreet #barproofcocktails#barproofcongress"
633,"–ü–∏–∫–Ω–∏—á–µ–∫ –Ω–∞ –Ω–∞–±–µ—Ä–µ–∂–Ω–æ–π –æ–∑–µ—Ä–∞ –ö–∞–±–∞–Ωüòè
–õ–µ—Ç–æ - –ø—Ä–µ–∫—Ä–∞—Å–Ω–æ–µ –≤—Ä–µ–º—è!"
4,
41,"19 –∏—é–Ω—è –≤ 18:00 –ø—Ä–∏—Ö–æ–¥–∏—Ç–µ –Ω–∞ –∑—É–º–±—É –∫ –æ–∑–µ—Ä—É –ö–∞–±–∞–Ω! –¢–∞–Ω—Ü–µ–≤–∞–ª—å–Ω–∞—è —Ñ–∏—Ç–Ω–µ—Å-–ø—Ä–æ–≥—Ä–∞–º–º–∞ –Ω–∞ –æ—Å–Ω–æ–≤–µ –ø–æ–ø—É–ª—è—Ä–Ω—ã—Ö –ª–∞—Ç–∏–Ω–æ–∞–º–µ—Ä–∏–∫–∞–Ω—Å–∫–∏—Ö —Ä–∏—Ç–º–æ–≤ –ø–æ–¥—Ö–æ–¥–∏—Ç –≤—Å–µ–º (–ª—é–±–æ–π —É—Ä–æ–≤–µ–Ω—å —Å–ø–æ—Ä—Ç–∏–≤–Ω–æ–π –ø–æ–¥–≥–æ—Ç–æ–≤–∫–∏). –û–¥–µ–≤–∞–π—Ç–µ—Å—å —Å—Ä–∞–∑—É –≤ —É–¥–æ–±–Ω—É—é –æ–¥–µ–∂–¥—É –∏ —Å–ø–æ—Ä—Ç–∏–≤–Ω—É—é –æ–±—É–≤—å ‚Äî –±–æ–ª—å—à–µ –¥–ª—è –∑–∞–Ω—è—Ç–∏—è –Ω–∏—á–µ–≥–æ –Ω–µ –Ω—É–∂–Ω–æ.

–ü–æ–¥—Ä–æ–±–Ω–µ–µ: https://kzngo.ru/event/zumba-u-ozera-kaban-5806"
244,"–°–µ–∑–æ–Ω —Ü–≤–µ—Ç–µ–Ω–∏—è –ø–æ–ª–µ–≤—ã—Ö —Ü–≤–µ—Ç–æ–≤ –æ—Ç–∫—Ä—ã—Çüå∏
üìç –¢–∞—Ä–ª–∞—à–∏ (55.5851327, 49.1202606)"
32,"17 –∏—é–Ω—è –≤ –ë–∞–∫–ª–∞–∂–∞–Ω–µ –ø—Ä–æ–π–¥–µ—Ç –∫–∏–Ω–æ–≤–µ—á–µ—Ä –®–µ—Ä–ª–æ–∫–∞ c –ë–µ–Ω–µ–¥–∏–∫—Ç–æ–º –ö–∞–º–±–µ—Ä–±—ç—Ç—á–µ–º. –ü—Ä–æ–Ω–∏–∫–∞–µ–º –≤ —á–µ—Ä—Ç–æ–≥–∏ —Ä–∞–∑—É–º–∞ –∏ –ø–æ–Ω–∏–º–∞–µ–º, —á—Ç–æ –Ω—É–∂–Ω–æ —Å—Ä–æ—á–Ω–æ –ø–µ—Ä–µ—Å–º–æ—Ç—Ä–µ—Ç—å –æ–¥–∏–Ω –∏–∑ —Å–∞–º—ã—Ö –≥—Ä–æ–º–∫–∏—Ö —Å–µ—Ä–∏–∞–ª–æ–≤ –Ω–∞—à–µ–≥–æ —Ç—ã—Å—è—á–µ–ª–µ—Ç–∏—è! –û—Ç–ª–∏—á–Ω—ã–µ –∞–∫—Ç–µ—Ä—ã, –∫—Ä—É—Ç–æ–π —Å—é–∂–µ—Ç, –º—É–∑—ã–∫–∞, –∞—Ç–º–æ—Å—Ñ–µ—Ä–∞ –õ–æ–Ω–¥–æ–Ω–∞! –°–º–æ—Ç—Ä–∏–º –≤–µ—Å—å –ø–µ—Ä–≤—ã–π —Å–µ–∑–æ–Ω!

–ü–æ–¥—Ä–æ–±–Ω–µ–µ: https://kzngo.ru/event/kinovecer-serloka-c-benediktom-kamberbetcem-9503"
364,"–ù–∞ —É–ª–∏—Ü–µ –ë–æ–ª—å—à–æ–π –ö—Ä–∞—Å–Ω–æ–π –ø–æ—è–≤–∏—Ç—Å—è –≤–µ–ª–æ–ø–æ–ª–æ—Å–∞ –¥–ª–∏–Ω–æ–π 2 –∫–º. –ù–æ–≤–∞—è –≤–µ–ª–æ–¥–æ—Ä–æ–∂–∫–∞ —Å–æ–µ–¥–∏–Ω–∏—Ç —Å—É—â–µ—Å—Ç–≤—É—é—â—É—é –≤–µ–ª–æ–ø–æ–ª–æ—Å—É –Ω–∞ —É–ª. –ë–∞—Ç—É—Ä–∏–Ω–∞ –∏ –ö—Ä–µ–º–ª–µ–≤—Å–∫—É—é –Ω–∞–±–µ—Ä–µ–∂–Ω—É—é —Å–æ —Å–∫–≤–µ—Ä–æ–º –¢–æ–ª—Å—Ç–æ–≥–æ, –∞ –ø–æ—Å–ª–µ –∏ —Å –ø–∞—Ä–∫–æ–º –∏–º. –ì–æ—Ä—å–∫–æ–≥–æ. –í –±—É–¥—É—â–µ–º –¥–ª–∏–Ω–∞ –≤–µ–ª–æ—Å–µ—Ç–∏ —É–≤–µ–ª–∏—á–∏—Ç—Å—è –¥–æ 75 –∫–º‚ò∫"
118,"19 –∏—é–Ω—è –≤ 10:00 –Ω–∞ –Ω–∞–±–µ—Ä–µ–∂–Ω–æ–π –æ–∑–µ—Ä–∞ –ö–∞–±–∞–Ω —Å–æ—Å—Ç–æ–∏—Ç—Å—è —Ñ–µ—Å—Ç–∏–≤–∞–ª—å —Å–∞–ø–±–æ—Ä–¥–∏–Ω–≥–∞! –ö–ª—é—á–µ–≤—ã–º —Å–æ–±—ã—Ç–∏–µ–º —Ñ–µ—Å—Ç–∏–≤–∞–ª—è —è–≤–ª—è–µ—Ç—Å—è –∫–æ—Å—Ç—é–º–∏—Ä–æ–≤–∞–Ω–Ω—ã–π –∑–∞–µ–∑–¥ –Ω–∞ —Å–∞–ø-–±–æ—Ä–¥–∞—Ö. –ü—Ä–∏–Ω—è—Ç—å —É—á–∞—Å—Ç–∏–µ –º–æ–∂–µ—Ç –ª—é–±–æ–π –∂–µ–ª–∞—é—â–∏–π. –í–∞—Å –∂–¥—É—Ç: —Å–æ—Ä–µ–≤–Ω–æ–≤–∞–Ω–∏—è –ø–æ —Å–∫–æ—Ä–æ—Å—Ç–Ω–æ–º—É —Å–∞–ø—Å—ë—Ä—Ñ–∏–Ω–≥—É –∏ –±–∞–ª–∞–Ω—Å –±–æ—Ä–¥—É, —Ä–∞–∑–≤–ª–µ–∫–∞—Ç–µ–ª—å–Ω–∞—è –ø—Ä–æ–≥—Ä–∞–º–º–∞, –¥–µ—Ç—Å–∫–∞—è –ø–ª–æ—â–∞–¥–∫–∞ –¥–ª—è —É—á–∞—Å—Ç–Ω–∏–∫–æ–≤ –∏ –≥–æ—Å—Ç–µ–π —Å –¥–µ—Ç—å–º–∏, –≤—ã—Å—Ç–∞–≤–æ—á–Ω—ã–µ –∏ —Ç–æ—Ä–≥–æ–≤—ã–µ –∫–æ—Ä–Ω–µ—Ä—ã, —Ñ—É–¥–∫–æ—Ä—Ç. –ú–∞—Å—Ç–µ—Ä—Å–∫–∞—è –ø–æ —Å–æ–∑–¥–∞–Ω–∏—é –æ–±—Ä–∞–∑–∞ (–∫–æ—Å—Ç—é–º–∞) –ø–æ–º–æ–∂–µ—Ç —É—á–∞—Å—Ç–Ω–∏–∫–∞–º –§–µ—Å—Ç–∏–≤–∞–ª—è —Å–æ–∑–¥–∞—Ç—å —Å–≤–æ–π —É–Ω–∏–∫–∞–ª—å–Ω—ã–π –æ–±—Ä–∞–∑, –∫–æ—Ç–æ—Ä—ã–π –±—É–¥–µ—Ç –æ—Ü–µ–Ω–∏–≤–∞—Ç—å—Å—è –∂—é—Ä–∏.

–†–µ–≥–∏—Å—Ç—Ä–∞—Ü–∏—è: https://kzngo.ru/event/festival-sap-bordinga-v-kazani-9502"
318,–ö—É–≤—à–∏–Ω–∫–∏ –Ω–∞ –æ–∑–µ—Ä–µ –ö–∞–±–∞–Ωüå∏
16,"–ò–Ω—Ç–µ—Ä–Ω–µ—Ç –≤ —á–∞—Å—Ç–Ω—ã—Ö –¥–æ–º–∞—Ö —Ç–µ–ø–µ—Ä—å –±—ã—Å—Ç—Ä–µ–µ, —á–µ–º –≤ –º–Ω–æ–≥–æ–∫–≤–∞—Ä—Ç–∏—Ä–Ω—ã—Ö! –í –°—Ç–æ–ª–±–∏—â–∞—Ö –ø–æ—è–≤–∏–ª—Å—è –≤—ã—Å–æ–∫–æ—Å–∫–æ—Ä–æ—Å—Ç–Ω–æ–π –∏–Ω—Ç–µ—Ä–Ω–µ—Ç –õ–µ—Ç–∞–π –¥–ª—è —á–∞—Å—Ç–Ω—ã—Ö –¥–æ–º–æ–≤. –ò–Ω—Ç–µ—Ä–Ω–µ—Ç –¥–æ 500 –ú–±–∏—Ç/—Å + –¢–í 180 –∫–∞–Ω–∞–ª–æ–≤! –ü–µ—Ä–≤—ã–π –º–µ—Å—è—Ü –ë–ï–°–ü–õ–ê–¢–ù–û!

–û—Å—Ç–∞–≤—å—Ç–µ –∑–∞—è–≤–∫—É –¥–ª—è –ø–æ–¥—Ä–æ–±–Ω–æ–π –∫–æ–Ω—Å—É–ª—å—Ç–∞—Ü–∏–∏ –ø–æ —Å—Å—ã–ª–∫–µ vk.cc/c2OLQW"
74,"–°—Ä–µ–¥–∞ –∏ —á–µ—Ç–≤–µ—Ä–≥ –≤ 7:00 –Ω–∞ –ø–∞–ª—É–±–µ –ø–æ–¥ —Ç–µ–∞—Ç—Ä–æ–º –ö–∞–º–∞–ª–∞ –ø—Ä–æ—Ö–æ–¥—è—Ç –∑–∞–Ω—è—Ç–∏—è –ø–æ –π–æ–≥–µ –¥–ª—è –≤—Å–µ—Ö –∂–µ–ª–∞—é—â–∏—Ö! –í–æ–∑—å–º–∏—Ç–µ —Å —Å–æ–±–æ–π –∫–æ–≤—Ä–∏–∫ –∏ –≤–æ–¥—É, –ø—Ä–∏—Ö–æ–¥–∏—Ç–µ —Å—Ä–∞–∑—É –≤ –æ–¥–µ–∂–¥–µ, –≤ –∫–æ—Ç–æ—Ä–æ–π –±—É–¥–µ—Ç–µ –∑–∞–Ω–∏–º–∞—Ç—å—Å—è. –ñ–¥—É—Ç –≤—Å–µ—Ö, –Ω–µ–∑–∞–≤–∏—Å–∏–º–æ –æ—Ç —É—Ä–æ–≤–Ω—è –ø–æ–¥–≥–æ—Ç–æ–≤–∫–∏! 
 
–ü–æ–¥—Ä–æ–±–Ω–µ–µ: https://kzngo.ru/event/yoga-u-ozera-kaban-5743"
545,"–ò–Ω—Ç–µ—Ä–µ—Å–Ω–æ–µ –º–µ—Å—Ç–æ –¥–ª—è –∫—Ä–∞—Å–∏–≤—ã—Ö —Ñ–æ—Ç–æ: –ö—Ä–∞—Å–Ω—ã–µ ¬´—Å–∫–∞–ª—ã¬ª –≤ –ë–æ–ª—å—à–æ–º –ö—É–∫–º–æ—Ä–µ 
 
–ö–∞–∫ –Ω–∞–π—Ç–∏: –ü—Ä–∏–µ–∑–∂–∞–π—Ç–µ –≤ —Å–µ–ª–æ –ë–æ–ª—å—à–æ–π –ö—É–∫–º–æ—Ä (–≥—Ä–∞–Ω–∏—á–∏—Ç —Å –ö—É–∫–º–æ—Ä–æ–º). –ò–¥–∏—Ç–µ –¥–æ –∫–æ–Ω—Ü–∞ –ø–æ —É–ª–∏—Ü–µ –í–∞—Ö–∏—Ç–æ–≤–∞, –ø–µ—Ä–µ–∏ÃÜ–¥–∏—Ç–µ —Ä–µ–∫—É —á–µ—Ä–µ–∑ –º–æ—Å—Ç–∫–∏ –∏ –Ω–µ–º–Ω–æ–≥–æ –ø–æ –ø–æ–ª—é –ø—Ä—è–º–æ: –∫—Ä–∞—Å–Ω—ã–µ —Å–∫–∞–ª—ã —É–∂–µ –±—É–¥–µ—Ç –≤–∏–¥–Ω–æ. –î—Ä—É–≥–æ–π –ø—É—Ç—å –ø–æ —É–ª. –†–∞–±–æ—á–µ–∏ÃÜ –¥–æ –∫–æ–Ω—Ü–∞, —á–µ—Ä–µ–∑ –º–æ—Å—Ç, –∞ –∑–∞—Ç–µ–º –ø–æ –ø—Ä–æ—Å–µ–ª–æ—á–Ω–æ–∏ÃÜ –¥–æ—Ä–æ–≥–µ —Å—Ç—Ä–æ–≥–æ –Ω–∞–ª–µ–≤–æ."
531,"–° –¥–æ–±—Ä—ã–º —É—Ç—Ä–æ–º, –∫–∞–∑–∞–Ω—Ü—ã!
–®–∏–∫–∞—Ä–Ω–æ–≥–æ –≤–∞–º –¥–Ω—è!"
26,"–ü–æ–≥–æ–¥–∞ –≤ –ö–∞–∑–∞–Ω–∏ –Ω–∞ –≤—Ç–æ—Ä–Ω–∏–∫, 15 –∏—é–Ω—è"
357,"–ö–∞–∑–∞–Ω—Ü—ã, –∞ –≤–∞–º –Ω—Ä–∞–≤—è—Ç—Å—è –¥–µ–≤—É—à–∫–∏ –Ω–∞ –º–æ—Ç–æ—Ü–∏–∫–ª–∞—Ö?)"
730,–¶–≤–µ—Ç—É—â–∞—è –Ω–∞–±–µ—Ä–µ–∂–Ω–∞—è –æ–∑–µ—Ä–∞ –ö–∞–±–∞–Ωüå∏
230,"–ö–æ–Ω—Ü–µ—Ä—Ç –≥—Ä—É–ø–ø—ã Dabro –Ω–∞ –∫—Ä—ã—à–µ KazanMall‚ú®
–ö–ª–∞—Å—Å–Ω—ã–µ —Ä–µ–±—è—Ç–∞! –ö—Ç–æ –±—ã–ª?"
26,"15 –∏—é–Ω—è –≤ –ë–∞–∫–ª–∞–∂–∞–Ω–µ —Å–æ—Å—Ç–æ–∏—Ç—Å—è –ø–æ–∫–∞–∑ —Å–µ—Ä–∏–∞–ª–∞ ""–ñ–∏–∑–Ω—å —Å —Å–∞–º–∏–º —Å–æ–±–æ–π"". –ù–µ–æ–±—ã—á–Ω—ã–π —Å–µ—Ä–∏–∞–ª –Ω–∞ –≥—Ä–∞–Ω–∏ –∫–æ–º–µ–¥–∏–∏, –¥—Ä–∞–º—ã –∏ –Ω–∞—É—á–Ω–æ–π —Ñ–∞–Ω—Ç–∞—Å—Ç–∏–∫–∏. –ì–ª–∞–≤–Ω—ã–π –≥–µ—Ä–æ–π –ø–æ —Å–æ–≤–µ—Ç—É –¥—Ä—É–≥–∞ –æ—Ç–ø—Ä–∞–≤–ª—è–µ—Ç—Å—è –≤ —Å–ø–∞-—Å–∞–ª–æ–Ω, –≥–¥–µ –µ–≥–æ –¥–æ–ª–∂–Ω—ã –ø—Ä–µ–≤—Ä–∞—Ç–∏—Ç—å –≤ –ª—É—á—à—É—é –≤–µ—Ä—Å–∏—é —Å–µ–±—è. –ü—Ä–æ—Ü–µ–¥—É—Ä–∞ –¥–µ–π—Å—Ç–≤–∏—Ç–µ–ª—å–Ω–æ —Å—Ä–∞–±–∞—Ç—ã–≤–∞–µ—Ç, –æ–¥–Ω–∞–∫–æ —É –Ω–µ—ë –µ—Å—Ç—å –º—Ä–∞—á–Ω–∞—è —Å—Ç–æ—Ä–æ–Ω–∞: –ø–∞—Ü–∏–µ–Ω—Ç–∞ –Ω–∞ —Å–∞–º–æ–º –¥–µ–ª–µ –Ω–µ —É–ª—É—á—à–∞—é—Ç, –∞ –ø—Ä–æ—Å—Ç–æ –∑–∞–º–µ–Ω—è—é—Ç –Ω–∞ –≥–µ–Ω–µ—Ç–∏—á–µ—Å–∫–∏ –º–æ–¥–∏—Ñ–∏—Ü–∏—Ä–æ–≤–∞–Ω–Ω–æ–≥–æ –∫–ª–æ–Ω–∞. –ê ¬´–æ—Ä–∏–≥–∏–Ω–∞–ª¬ª –∑–∞–∫–∞–ø—ã–≤–∞—é—Ç –≤ –ª–µ—Å—É.

–ü–æ–¥—Ä–æ–±–Ω–µ–µ: https://kzngo.ru/event/pokaz-seriala-zizn-s-samim-soboj-9501"
3,
391,"–ò–Ω—Ç–µ—Ä–µ—Å–Ω—ã–µ –º–µ—Å—Ç–∞, –¥–æ –∫–æ—Ç–æ—Ä—ã—Ö –º–æ–∂–Ω–æ –¥–æ–±—Ä–∞—Ç—å—Å—è –æ—Ç —Ä–µ—á–Ω–æ–≥–æ –ø–æ—Ä—Ç–∞: –¢–∞—à–µ–≤—Å–∫–∏–µ —Å–∫–ª–æ–Ω—ã (–¢–∞—à–µ–≤–∫–∞) 
 
–û—Ç–ø–ª—ã—Ç–∏–µ: –ö–∞–∂–¥—ã–π –¥–µ–Ω—å –≤ 7:25, 14:00 
–û—Ç–ø–ª—ã—Ç–∏–µ –≤ –ö–∞–∑–∞–Ω—å: –ö–∞–∂–¥—ã–π –¥–µ–Ω—å –≤ 9:30, 16:05 
–°—Ç–æ–∏–º–æ—Å—Ç—å –ø—Ä–æ–µ–∑–¥–∞ - 104 —Ä—É–±–ª—è"
42,"20-21 –∏—é–Ω—è –≤ –ö–∞–∑–∞–Ω–∏ –ø—Ä–æ–π–¥–µ—Ç V –ü—Ä–∞–≤–æ—Å–ª–∞–≤–Ω—ã–π –≥–æ—Ä–æ–¥—Å–∫–æ–π —Ñ–µ—Å—Ç–∏–≤–∞–ª—å ¬´–î—É—Ö–æ–≤ –¥–µ–Ω—å –≤ –°—É–∫–æ–Ω–Ω–æ–π —Å–ª–æ–±–æ–¥–µ¬ª. –ü—Ä–æ–≥—Ä–∞–º–º–∞ —Ñ–µ—Å—Ç–∏–≤–∞–ª—è –≤–∫–ª—é—á–∞–µ—Ç –±–æ–ª—å—à–æ–µ –∫–æ–ª–∏—á–µ—Å—Ç–≤–æ –º–µ—Ä–æ–ø—Ä–∏—è—Ç–∏–π ‚Äì –±–æ–≥–æ—Å–ª—É–∂–µ–Ω–∏—è, –∫–æ–Ω—Ü–µ—Ä—Ç –≥–æ—Ä–æ–¥—Å–∫–∏—Ö –Ω–∞—Ä–æ–¥–Ω—ã—Ö –∏ –ø—Ä–∏—Ö–æ–¥—Å–∫–∏—Ö –∫–æ–ª–ª–µ–∫—Ç–∏–≤–æ–≤, —Ü–µ—Ä–∫–æ–≤–Ω–æ–π –∫–ª–∞—Å—Å–∏—á–µ—Å–∫–æ–π –±–æ–≥–æ—Å–ª—É–∂–µ–±–Ω–æ–π –º—É–∑—ã–∫–∏, —è—Ä–º–∞—Ä–∫–∏, —Ä–µ–º–µ—Å–ª–µ–Ω–Ω—ã–µ –º–∞—Å—Ç–µ—Ä-–∫–ª–∞—Å—Å—ã, –ª–µ–∫—Ü–∏–∏ –ø–æ —ç–∫–æ–ª–æ–≥–∏–∏, –±–ª–∞–≥–æ—Ç–≤–æ—Ä–∏—Ç–µ–ª—å–Ω–æ—Å—Ç–∏, –¥–∏—Å–∫—É—Å—Å–∏–æ–Ω–Ω—ã–µ –∫–ª—É–±—ã –æ –≤–æ—Å—Å—Ç–∞–Ω–æ–≤–ª–µ–Ω–∏–∏ –∑–∞–±—Ä–æ—à–µ–Ω–Ω—ã—Ö —Ö—Ä–∞–º–æ–≤.

–ü—Ä–æ–≥—Ä–∞–º–º–∞: https://kzngo.ru/event/duhov-den-v-sukonnoy-slobode-2-5395"
335,–ö—É—Å–æ—á–µ–∫ –õ–æ–Ω–¥–æ–Ω–∞ –≤ —Ü–µ–Ω—Ç—Ä–µ –ö–∞–∑–∞–Ω–∏üá¨üáß
56,"19 –∏—é–Ω—è –≤ 13:00 –Ω–∞ –∫—Ä—ã—à–µ KazanMall —Å–æ—Å—Ç–æ–∏—Ç—Å—è —Ñ–µ—Å—Ç–∏–≤–∞–ª—å —É–ª–∏—á–Ω–æ–π –∫—É–ª—å—Ç—É—Ä—ã ¬´MallOKO¬ª. –í –ø—Ä–æ–≥—Ä–∞–º–º–µ: Street dance —Ç—É—Ä–Ω–∏—Ä, Art street jav - –ì—Ä–∞—Ñ—Ñ–∏—Ç–∏ —Ç—É—Ä–Ω–∏—Ä, Drop contest - BMX —Ç—Ä—é–∫–∏ –ø–æ–¥ —Å–µ—Ç DJ, Improvisation Jam, Show jam 
 
–ü–æ–¥—Ä–æ–±–Ω–µ–µ: https://kzngo.ru/event/festival-ulicnoj-kultury-malloko-9469"
396,"–û–±–∑–æ—Ä –ø–ª—è–∂–µ–π —Å –±–∞—Å—Å–µ–π–Ω–∞–º–∏ –≤ –ö–∞–∑–∞–Ω–∏ –∏ –≤ –æ–∫—Ä–µ—Å—Ç–Ω–æ—Å—Ç—è—Ö 
 
üëâüèª–ü–ª—è–∂ ¬´–†–∏–≤—å–µ—Ä–∞¬ª 
–ú–µ—Å—Ç–æ —Å —à–∏–∫–∞—Ä–Ω—ã–º –≤–∏–¥–æ–º –Ω–∞ –ø–∞–Ω–æ—Ä–∞–º—É –ö—Ä–µ–º–ª—è, –Ω–∞—Ö–æ–¥–∏—Ç—Å—è –Ω–µ–ø–æ—Å—Ä–µ–¥—Å—Ç–≤–µ–Ω–Ω–æ –≤ –≥–æ—Ä–æ–¥–µ. –ù–µ—Å–∫–æ–ª—å–∫–æ –±–∞—Å—Å–µ–π–Ω–æ–≤, –≤–æ–¥–∞ –≤ –Ω–∏—Ö –æ—á–µ–Ω—å —Ö–æ–ª–æ–¥–Ω–∞—è, –æ—Å–≤–µ–∂–∞—é—â–∞—è. –ò–∑ –µ–¥—ã –≤ –æ—Å–Ω–æ–≤–Ω–æ–º —Ñ–∞—Å—Ç-—Ñ—É–¥ –∏ –ø–∏–≤–æ, —Å–∞–º–æ–æ–±—Å–ª—É–∂–∏–≤–∞–Ω–∏–µ. –ù–µ–∑–∞–≤–∏—Å–∏–º–æ –æ—Ç –¥–Ω—è –Ω–µ–¥–µ–ª–∏ –≤ –∂–∞—Ä–∫—É—é –ø–æ–≥–æ–¥—É –≤—Å–µ–≥–¥–∞ –º–Ω–æ–≥–æ –ª—é–¥–µ–π, –æ—Å–æ–±–µ–Ω–Ω–æ —Ç—É—Ä–∏—Å—Ç–æ–≤. –õ–µ–∂–∞–∫–æ–≤ –≤—Å–µ–º —Ö–≤–∞—Ç–∞–µ—Ç, –Ω–æ –æ–Ω–∏ —Ä–∞—Å–ø–æ–ª–æ–∂–µ–Ω—ã —Å–ª–∏—à–∫–æ–º –±–ª–∏–∑–∫–æ –¥—Ä—É–≥ –∫ –¥—Ä—É–≥—É. –°—Ç–æ–∏–º–æ—Å—Ç—å –≤—Ö–æ–¥–Ω–æ–≥–æ –±–∏–ª–µ—Ç–∞ 
- –ø–æ–ª–Ω—ã–π –¥–µ–Ω—å: –≤–∑—Ä–æ—Å–ª—ã–π 990‚ÇΩ; –¥–µ—Ç—Å–∫–∏–π (5-12 –ª–µ—Ç) 590‚ÇΩ 
- –í–µ—á–µ—Ä–Ω–∏–π(15:00-20:00): –≤–∑—Ä–æ—Å–ª—ã–π 790‚ÇΩ; –¥–µ—Ç—Å–∫–∏–π 490‚ÇΩ 
- –°—á–∞—Å—Ç–ª–∏–≤—ã–µ —á–∞—Å—ã(17:00-20:00): –≤–∑—Ä–æ—Å–ª—ã–π 350‚ÇΩ; –¥–µ—Ç—Å–∫–∏–π 250‚ÇΩ 
‚†Ä 
üëâüèª–°–≤–∏—è–∂—Å–∫–∏–µ —Ö–æ–ª–º—ã, –ø–ª—è–∂ ¬´–ú–∞—è–∫¬ª 
–ö—Ä–∞—Å–∏–≤–∞—è –ø—Ä–∏—Ä–æ–¥–∞ —Å –ø–∞–Ω–æ—Ä–∞–º–Ω—ã–º–∏ –≤–∏–¥–∞–º–∏ –Ω–∞ –°–≤–∏—è–≥—É, —Å–≤–µ–∂–∏–π –≤–æ–∑–¥—É—Ö, –ø—Ä–æ—Å—Ç–æ—Ä–Ω—ã–π –±–∞—Å—Å–µ–π–Ω, –≤ –º–µ—Ä—É –æ—Å–≤–µ–∂–∞—é—â–∞—è –≤–æ–¥–∏—á–∫–∞, —Ö–æ—Ä–æ—à–∏–π —Ä–µ—Å—Ç–æ—Ä–∞–Ω –∏ —Å–µ—Ä–≤–∏—Å, –µ—Å—Ç—å –±–∞—Ä —É –±–∞—Å—Å–µ–π–Ω–∞. –ò–º–µ–µ—Ç—Å—è –≤—ã—Ö–æ–¥ –Ω–∞ –ø–µ—Å—á–∞–Ω—ã–π –ø–ª—è–∂, –º–æ–∂–Ω–æ –ø–æ–∏–≥—Ä–∞—Ç—å –≤ –≤–æ–ª–µ–π–±–æ–ª, –∞—Ä–µ–Ω–¥–æ–≤–∞—Ç—å –∫–∞—Ç–∞–º–∞—Ä–∞–Ω. 
–†–µ–∂–∏–º —Ä–∞–±–æ—Ç —Å 9:00 –¥–æ 20:00 
–°—Ç–æ–∏–º–æ—Å—Ç—å: 
–ë—É–¥–Ω–∏: 3 —á–∞—Å–∞- 1200‚ÇΩ, –≤–µ—Å—å –¥–µ–Ω—å-1600‚ÇΩ, –î–µ—Ç—è–º 3 —á–∞—Å–∞- 600‚ÇΩ, –≤–µ—Å—å –¥–µ–Ω—å- 800‚ÇΩ 
–í—ã—Ö–æ–¥–Ω—ã–µ: 3 —á–∞—Å–∞- 1600‚ÇΩ, –≤–µ—Å—å –¥–µ–Ω—å-2000‚ÇΩ, –î–µ—Ç—è–º 3 —á–∞—Å–∞- 800‚ÇΩ, –≤–µ—Å—å –¥–µ–Ω—å- 1000‚ÇΩ 
‚†Ä 
üëâüèª–ë–∞—Å—Å–µ–π–Ω –Ω–∞ —Ç–µ—Ä—Ä–∏—Ç–æ—Ä–∏–∏ –≥–æ—Å—Ç–∏–Ω–∏—á–Ω–æ–≥–æ –∫–æ–º–ø–ª–µ–∫—Å–∞ –î—É–±–∞–π 
–†–µ–∂–∏–º —Ä–∞–±–æ—Ç—ã —Å 10:00 –¥–æ 21:00 
–°—Ç–æ–∏–º–æ—Å—Ç—å: –ø–æ–ª–Ω—ã–π –¥–µ–Ω—å: –≤–∑—Ä–æ—Å–ª—ã–π 500‚ÇΩ, –¥–µ—Ç—è–º 300‚ÇΩ 
–¥–µ—Ç—è–º –¥–æ 3 –ª–µ—Ç –±–µ—Å–ø–ª–∞—Ç–Ω–æ 
‚†Ä 
üëâüèª–ó–∞–≥–æ—Ä–æ–¥–Ω—ã–π –∫–ª—É–± ¬´–¢–µ—Ä—Ä–∏—Ç–æ—Ä–∏—è¬ª 
–ò–¥–µ–∞–ª—å–Ω–æ–µ –º–µ—Å—Ç–æ –¥–ª—è —Ç–æ–≥–æ, —á—Ç–æ–±—ã —É–∫—Ä—ã—Ç—å—Å—è –æ—Ç –∂–∞—Ä—ã –≤ —Å–æ—Å–Ω–∞—Ö, —Å–æ–ª–Ω—Ü–µ –∑–¥–µ—Å—å –±—ã–≤–∞–µ—Ç –ø–æ—Å–ª–µ 15.00. –ù–µ–±–æ–ª—å—à–æ–π –±–∞—Å—Å–µ–π–Ω, —Ç—ë–ø–ª–∞—è –≤–æ–¥–∏—á–∫–∞, –º–Ω–æ–≥–æ –¥–µ—Ç–∏—à–µ–∫. –ö—É—Ö–Ω—è –Ω–µ–ø–ª–æ—Ö–∞—è, —Å–µ—Ä–≤–∏—Å —Ç–æ–∂–µ) –ê—Ä–µ–Ω–¥–∞ –ª–µ–∂–∞–∫–∞ - 1000—Ä., –ù–æ —ç—Ç–∞ —Å—É–º–º–∞ —è–≤–ª—è–µ—Ç—Å—è –¥–µ–ø–æ–∑–∏—Ç–æ–º –∏ –µ–µ –º–æ–∂–Ω–æ –ø–æ—Ç—Ä–∞—Ç–∏—Ç—å –≤ –±–∞—Ä–µ –∏–ª–∏ –æ–ø–ª–∞—Ç–∏—Ç—å –æ–±–µ–¥. –î–µ—Ç–∏ –¥–æ 6 –ª–µ—Ç ‚Äî –≤—Ö–æ–¥ –±–µ—Å–ø–ª–∞—Ç–Ω—ã–π. –î–µ—Ç–∏ —Å 6 –¥–æ 13 –ª–µ—Ç ‚Äî —Å—Ç–æ–∏–º–æ—Å—Ç—å –±–∞—Å—Å–µ–π–Ω–∞ 500 —Ä—É–±–ª–µ–π. –î–µ—Ç–∏ —Å 13 –ª–µ—Ç ‚Äî –ø–æ—Å–µ—â–µ–Ω–∏–µ –±–∞—Å—Å–µ–π–Ω–∞ 1000 —Ä—É–±–ª–µ–π. –û—Ç –ö–∞–∑–∞–Ω–∏ –¥–æ—Ä–æ–≥–∞ –∑–∞–π–º—ë—Ç 20-25 –º–∏–Ω.) 
 
üëâüèª2 –Ω–µ–±–æ–ª—å—à–∏—Ö –±–∞—Å—Å–µ–π–Ω–∞ –Ω–∞ —Ç–µ—Ä—Ä–∏—Ç–æ—Ä–∏–∏ –õ–µ–±—è–∂—å–µ, –µ—Å—Ç—å –ª–µ–∂–∞–∫–∏ –∏ –∑–æ–Ω—Ç–∏–∫–∏ 
–†–µ–∂–∏–º —Ä–∞–±–æ—Ç—ã —Å 9:00 –¥–æ 19:00 
–°—Ç–æ–∏–º–æ—Å—Ç—å –≤—Ö–æ–¥–Ω–æ–≥–æ –±–∏–ª–µ—Ç–∞: –ø–æ–ª–Ω—ã–π –¥–µ–Ω—å: 450‚ÇΩ, –¥–µ—Ç—è–º –¥–æ 5 –ª–µ—Ç –±–µ—Å–ø–ª–∞—Ç–Ω–æ"
18,"–£–∂–µ —Å–µ–≥–æ–¥–Ω—è, 14 –∏—é–Ω—è, –≤ 19:00 –£–ù–ò–ö–° [club8519001|–ë–ö –£–ù–ò–ö–° –ö–∞–∑–∞–Ω—å] –∂–¥—ë—Ç –≤—Å–µ—Ö –±–æ–ª–µ–ª—å—â–∏–∫–æ–≤ –≤ –ë–∞—Å–∫–µ—Ç-—Ö–æ–ª–ª–µ, —á—Ç–æ–±—ã –≤–º–µ—Å—Ç–µ –ø–æ–¥–≤–µ—Å—Ç–∏ –∏—Ç–æ–≥–∏ —Å–µ–∑–æ–Ω–∞ 2020/21. –°–µ–∑–æ–Ω–∞, –∫–æ—Ç–æ—Ä—ã–π –ø–æ–¥–∞—Ä–∏–ª –º–Ω–æ–≥–æ –Ω–µ–∑–∞–±—ã–≤–∞–µ–º—ã—Ö –º–æ–º–µ–Ω—Ç–æ–≤, —è—Ä–∫–∏—Ö –ø–æ–±–µ–¥ –∏ –Ω–æ–≤—ã—Ö —Ä–µ–∫–æ—Ä–¥–æ–≤!üèÄ
‚†Ä
–ë–æ–ª–µ–ª—å—â–∏–∫–æ–≤ –±—É–¥–µ—Ç –∂–¥–∞—Ç—å –º–Ω–æ–≥–æ –∫–ª–∞—Å—Å–Ω—ã—Ö –ø–æ–¥–∞—Ä–∫–æ–≤, —Ä–æ–∑—ã–≥—Ä—ã—à–µ–π –∏ –∞–∫—Ç–∏–≤–Ω–æ—Å—Ç–µ–π. –í—ã —Å–º–æ–∂–µ—Ç–µ –ª–∏—á–Ω–æ –∑–∞–¥–∞—Ç—å –≤–æ–ø—Ä–æ—Å—ã –∏–≥—Ä–æ–∫–∞–º. –ê —Ç–∞–∫–∂–µ, –≤—Å–µ—Ö –≥–æ—Å—Ç–µ–π –∂–¥—ë—Ç —Ñ—É—Ä—à–µ—Ç!üíö
‚†Ä
–í—Ö–æ–¥ —Å–≤–æ–±–æ–¥–Ω—ã–π.
–£–≤–∏–¥–∏–º—Å—è –Ω–∞ —Ç—Ä–∏–±—É–Ω–∞—Öüôå"
66,"17 –∏—é–Ω—è –≤ 18:00 –Ω–∞ –ö—Ä–µ–º–ª–µ–≤—Å–∫–æ–π –Ω–∞–±–µ—Ä–µ–∂–Ω–æ–π –ø—Ä–æ–π–¥–µ—Ç –º–∞—Å—Ç–µ—Ä-–∫–ª–∞—Å—Å –ø–æ –ª–∞—Ç–∏–Ω–æ–∞–º–µ—Ä–∏–∫–∞–Ω—Å–∫–∏–º —Ç–∞–Ω—Ü–∞–º. –ü—Ä–∏—Ö–æ–¥–∏—Ç–µ —Å –ø–∞—Ä—Ç–Ω–µ—Ä–æ–º –∏–ª–∏ –æ–¥–Ω–∏. –ù–µ –ø–µ—Ä–µ–∂–∏–≤–∞–π—Ç–µ, –µ—Å–ª–∏ –≤–∞–º –∫–∞–∂–µ—Ç—Å—è, —á—Ç–æ –≤—ã –Ω–µ —É–º–µ–µ—Ç–µ —Ç–∞–Ω—Ü–µ–≤–∞—Ç—å. –¢—Ä–µ–Ω–µ—Ä—ã –Ω–∞—É—á–∞—Ç –±–∞–∑–æ–≤—ã–º –¥–≤–∏–∂–µ–Ω–∏—è–º, –∏ —É–∂–µ –≤ –∫–æ–Ω—Ü–µ –≤–µ—á–µ—Ä–∞ –≤—ã –±—É–¥–µ—Ç–µ —á—É–≤—Å—Ç–≤–æ–≤–∞—Ç—å —Ä–∏—Ç–º –∏ —Å–≤–æ–±–æ–¥–Ω–æ –¥–≤–∏–≥–∞—Ç—å—Å—è. –í—Ö–æ–¥ —Å–≤–æ–±–æ–¥–Ω—ã–π

–ü–æ–¥—Ä–æ–±–Ω–µ–µ: https://kzngo.ru/event/latinoamerikanskie-tancy-na-kremlevskoj-nabereznoj-9500"
432,"–ò–Ω—Ç–µ—Ä–µ—Å–Ω—ã–µ –º–µ—Å—Ç–∞ –¥–ª—è –ª—é–±–∏—Ç–µ–ª–µ–π –ø—É—Ç–µ—à–µ—Å—Ç–≤–æ–≤–∞—Ç—å –Ω–∞ –∞–≤—Ç–æ: –ù–∞–±–µ—Ä–µ–∂–Ω–∞—è –ë—Ä—é–≥–≥–µ –≤ –ô–æ—à–∫–∞—Ä-–û–ª–µ 
 
–ù–∞–±–µ—Ä–µ–∂–Ω–∞—è –ë—Ä—é–≥–≥–µ –≤ –ô–æ—à–∫–∞—Ä-–û–ª–µ ‚Äì –º–∞–ª–µ–Ω—å–∫–∏–π –∫—É—Å–æ—á–µ–∫ —Å–µ–≤–µ—Ä–Ω–æ–π –ï–≤—Ä–æ–ø—ã –≤ –æ–±—ã—á–Ω–æ–º —Ä–æ—Å—Å–∏–π—Å–∫–æ–º –≥–æ—Ä–æ–¥–µ. –ù–∞–∑–≤–∞–Ω–∞ –≤ —á–µ—Å—Ç—å –±–µ–ª—å–≥–∏–π—Å–∫–æ–≥–æ –≥–æ—Ä–æ–¥–∞ –∑–∞ —É–¥–∏–≤–∏—Ç–µ–ª—å–Ω–æ–µ –∞—Ä—Ö–∏—Ç–µ–∫—Ç—É—Ä–Ω–æ–µ —Å—Ö–æ–¥—Å—Ç–≤–æ —Å –∑–∞—Å—Ç—Ä–æ–π–∫–æ–π —Å—Ç–∞—Ä–æ–≥–æ –ë—Ä—é–≥–≥–µ. 
 
–ù–µ–æ–±—ã—á–Ω–∞—è –Ω–∞–±–µ—Ä–µ–∂–Ω–∞—è –≤ –ô–æ—à–∫–∞—Ä-–û–ª–µ –ø–æ—è–≤–∏–ª–∞—Å—å –≤ 2011 –≥–æ–¥—É. –û–Ω–∞ –ø—Ä–æ—Ç—è–Ω—É–ª–∞—Å—å –Ω–∞ —É—á–∞—Å—Ç–∫–µ –≤–¥–æ–ª—å —Ä–µ–∫–∏ –ú–∞–ª–∞—è –ö–æ–∫—à–∞–≥–∞ –æ—Ç –¢–µ–∞—Ç—Ä–∞–ª—å–Ω–æ–≥–æ –º–æ—Å—Ç–∞ –¥–æ —É–ª–∏—Ü—ã –í–æ–∏–Ω–æ–≤ - –ò–Ω—Ç–µ—Ä–Ω–∞—Ü–∏–æ–Ω–∞–ª–∏—Å—Ç–æ–≤. 
 
- –ö–∞–∫ –¥–æ–±—Ä–∞—Ç—å—Å—è: 
–í—ã–µ–∑–∂–∞–π—Ç–µ –∏–∑ –ö–∞–∑–∞–Ω–∏ –≤ –Ω–∞–ø—Ä–∞–≤–ª–µ–Ω–∏–∏ –ó–µ–ª–µ–Ω–æ–¥–æ–ª—å—Å–∫–∞ –∏ —Å–ª–µ–¥—É–π—Ç–µ —É–∫–∞–∑–∞—Ç–µ–ª—è–º 
 
–†–∞—Å—Å—Ç–æ—è–Ω–∏–µ: 140 –∫–º"
547,"–° –¥–æ–±—Ä—ã–º —É—Ç—Ä–æ–º, –∫–∞–∑–∞–Ω—Ü—ã!
–®–∏–∫–∞—Ä–Ω–æ–≥–æ –≤–∞–º –¥–Ω—è!"
38,"–ü–æ–≥–æ–¥–∞ –≤ –ö–∞–∑–∞–Ω–∏ –Ω–∞ –ø–æ–Ω–µ–¥–µ–ª—å–Ω–∏–∫, 14 –∏—é–Ω—è"
517,"–ò–Ω—Ç–µ—Ä–µ—Å–Ω—ã–µ –º–µ—Å—Ç–∞, –¥–æ –∫–æ—Ç–æ—Ä—ã—Ö –º–æ–∂–Ω–æ –¥–æ–±—Ä–∞—Ç—å—Å—è –æ—Ç —Ä–µ—á–Ω–æ–≥–æ –ø–æ—Ä—Ç–∞: –í–µ—Ä—Ö–Ω–∏–π –£—Å–ª–æ–Ω 
 
–°—Ç–æ–∏–º–æ—Å—Ç—å –ø—Ä–æ–µ–∑–¥–∞ —Å–æ—Å—Ç–∞–≤–ª—è–µ—Ç - 81 —Ä—É–±–ª—å. 
 
–û—Ç–ø–ª—ã—Ç–∏–µ: –ö–∞–∂–¥—ã–π –¥–µ–Ω—å –≤ 7:00, 12:00, 16:00 
–û—Ç–ø–ª—ã—Ç–∏–µ –≤ –ö–∞–∑–∞–Ω—å: –ö–∞–∂–¥—ã–π –¥–µ–Ω—å –≤ 7:50, 12:50, 16:50, 
–í—Ä–µ–º—è –≤ –ø—É—Ç–∏: 15 –º–∏–Ω—É—Ç."
601,–ë–µ–ª–∞—è –º–µ—á–µ—Ç—å –≤ –ë–æ–ª–≥–∞—Ä–µ
460,–í—Å—Ç—Ä–µ—Ç–∏–ª –ß–µ—Å—Ç–Ω–æ–≥–æ (–¢–∏–º—É—Ä–∞ –ì–∞—Ç–∏—è—Ç—É–ª–ª–∏–Ω–∞) –≤ –ö–∞–∑–∞–Ω–∏üòé
24,"16 –∏—é–Ω—è –≤ –ù–∞—Ü–∏–æ–Ω–∞–ª—å–Ω–æ–π –±–∏–±–ª–∏–æ—Ç–µ–∫–µ –†–¢ —Å–æ–≤–º–µ—Å—Ç–Ω–æ —Å –ò—Å–ø–∞–Ω—Å–∫–∏–º –¶–µ–Ω—Ç—Ä–æ–º –ø—Ä–æ–π–¥—ë—Ç –ø–µ—Ä–≤—ã–π –ö–∏–Ω–æ–∫–ª—É–± –Ω–∞ –∏—Å–ø–∞–Ω—Å–∫–æ–º —è–∑—ã–∫–µ! –ì–æ—Å—Ç–∏ –ø—Ä–æ—Å–º–æ—Ç—Ä—è—Ç –¥–≤–∞ –∫–æ—Ä–æ—Ç–∫–æ–º–µ—Ç—Ä–∞–∂–Ω—ã—Ö —Ñ–∏–ª—å–º–∞ –Ω–∞ –∏—Å–ø–∞–Ω—Å–∫–æ–º —è–∑—ã–∫–µ, –ø–æ–¥–Ω–∏–º–∞—é—â–∏–µ –≤–∞–∂–Ω—ã–µ —Å–æ—Ü–∏–∞–ª—å–Ω—ã–µ —Ç–µ–º—ã: –æ—Ç–Ω–æ—à–µ–Ω–∏–µ –∫ –¥–µ–Ω—å–≥–∞–º –∏ –æ–∫—Ä—É–∂–∞—é—â–∏–º —Ç–µ–±—è –ª—é–¥—è–º. –ü–æ—Å–ª–µ –ø—Ä–æ—Å–º–æ—Ç—Ä–∞ –º—ã –æ–±—Å—É–¥–∏–º –∫–∞–∂–¥—ã–π —Ñ–∏–ª—å–º –∏ –Ω–∞–π–¥–µ–º —Å–∫—Ä—ã—Ç—ã–µ —Å–º—ã—Å–ª—ã, –∑–∞–ª–æ–∂–µ–Ω–Ω—ã–µ —Å–æ–∑–¥–∞—Ç–µ–ª—è–º–∏. –í—Ö–æ–¥ —Å–≤–æ–±–æ–¥–Ω—ã–π

–†–µ–≥–∏—Å—Ç—Ä–∞—Ü–∏—è: https://kzngo.ru/event/kinoklub-na-ispanskom-azyke-cuanto-mas-alla-del-dinero-i-17-anos-juntos-9499"
224,–£—Ç–∏–Ω–∞—è —Å–µ–º–µ–π–∫–∞ –Ω–∞ –æ–∑–µ—Ä–µ –ö–∞–±–∞–Ωüòç
51,"16 –∏—é–Ω—è –≤ 20:00 –ø—Ä–∏–≥–ª–∞—à–∞—é—Ç –≤—Å–µ—Ö –ª—é–±–∏—Ç–µ–ª–µ–π —Ç–∞–Ω–≥–æ –Ω–∞ –ü–µ—Ç–µ—Ä–±—É—Ä–≥—Å–∫—É—é - –ø–æ—Ç–∞–Ω—Ü–µ–≤–∞—Ç—å, –ø–æ—Å–ª—É—à–∞—Ç—å –º—É–∑—ã–∫—É, –ø–æ–æ–±–Ω–∏–º–∞—Ç—å—Å—è, –ø–æ–±–æ–ª—Ç–∞—Ç—å. –í—Ö–æ–¥ —Å–≤–æ–±–æ–¥–Ω—ã–π –¥–ª—è –≤—Å–µ—Ö. 
 
–ü–æ–¥—Ä–æ–±–Ω–µ–µ: https://kzngo.ru/event/tango-openeyr-na-peterburgskoy-5695"
700,"–ò–Ω–Ω–æ–ø–æ–ª–∏—Å ‚Äì –≥–æ—Ä–æ–¥ –±—É–¥—É—â–µ–≥–æüòÉ 
–ë—ã–≤–∞–ª–∏ —Ç–∞–º?"
281,"–° 25 –ø–æ 27 –∏—é–Ω—è –Ω–∞ –ö—Ä–µ–º–ª–µ–≤—Å–∫–æ–π –Ω–∞–±–µ—Ä–µ–∂–Ω–æ–π –≤ –ö–∞–∑–∞–Ω–∏ –ø—Ä–æ–π–¥–µ—Ç —Ñ–µ—Å—Ç–∏–≤–∞–ª—å –º–æ—Ä–æ–∂–µ–Ω–æ–≥–æ ¬´–í–∫—É—Å –ª–µ—Ç–∞¬ª. –õ–µ—Ç–Ω–∏–π –¥–µ—Å–µ—Ä—Ç –ø—Ä–µ–¥—Å—Ç–∞–≤—è—Ç –±–æ–ª–µ–µ 10 —É—á–∞—Å—Ç–Ω–∏–∫–æ–≤ –∏–∑ —Ä–∞–∑–Ω—ã—Ö –≥–æ—Ä–æ–¥–æ–≤. –ì–æ—Å—Ç–∏ —Å–º–æ–≥—É—Ç –ø–æ–ø—Ä–æ–±–æ–≤–∞—Ç—å –ø—Ä–∏–≤—ã—á–Ω—ã–µ –≤–∏–¥—ã –ª—é–±–∏–º–æ–≥–æ –¥–µ—Å–µ—Ä—Ç–∞, –∞ —Ç–∞–∫–∂–µ –Ω–µ–æ–±—ã—á–Ω—ã–µ: –∏—Ç–∞–ª—å—è–Ω—Å–∫–æ–µ –¥–∂–µ–ª–∞—Ç–æ, —Ç–∞–π—Å–∫–æ–µ –∂–∞—Ä–µ–Ω–æ–µ –º–æ—Ä–æ–∂–µ–Ω–æ–µ, –º–æ—Ä–æ–∂–µ–Ω–æ–µ –∏–∑ –∫–æ–∑—å–µ–≥–æ –º–æ–ª–æ–∫–∞, —è–ø–æ–Ω—Å–∫–æ–µ –º–æ–¥–∂–∏ –∏ –º–Ω–æ–≥–æ–µ –¥—Ä—É–≥–æ–µ. 
 
–ü–æ–¥—Ä–æ–±–Ω–µ–µ: https://kzngo.ru/event/festival-morozhenogo-na-kremlevskoy-naberezhnoy-7808"
291,"–§–µ—Ä–º–∞ –≤–µ—Ä–±–ª—é–¥–æ–≤ –≤ –í–µ–ª–∏–∫–æ–º –ë–æ–ª–≥–∞—Ä–µ

–°—Ç–æ–∏–º–æ—Å—Ç—å —ç–∫—Å–∫—É—Ä—Å–∏–∏ –¥–ª—è –≤–∑—Ä–æ—Å–ª—ã—Ö —Å–æ—Å—Ç–∞–≤–ª—è–µ—Ç 200 —Ä—É–±–ª–µ–π, –¥–µ—Ç–∏ –¥–æ 16 –ª–µ—Ç - 100 —Ä—É–±–ª–µ–π, –¥–µ—Ç–∏ –¥–æ 7 –ª–µ—Ç –ø—Ä–æ—Ö–æ–¥—è—Ç –±–µ—Å–ø–ª–∞—Ç–Ω–æ. 
 
–ö–æ–Ω—Ç–∞–∫—Ç—ã: +7(987)215-15-60 
 
- –ö–∞–∫ –¥–æ–±—Ä–∞—Ç—å—Å—è 
–°–ø–∞—Å—Å–∫–∏–π –†–∞–π–æ–Ω, –≥. –ë–æ–ª–≥–∞—Ä, —É–ª. –ö—É–ª –ì–∞–ª–∏, –¥. 9. –ú–æ–ª–æ—á–Ω–æ-—Ä–µ–ø—Ä–æ–¥—É–∫—Ç–∏–≤–Ω–∞—è —Ñ–µ—Ä–º–∞ –∏ –≠—Ç–Ω–æ-–∏—Å—Ç–æ—Ä–∏—á–µ—Å–∫–∞—è –ø–ª–æ—â–∞–¥–∫–∞ –≤ –≥–æ—Ä–æ–¥–µ –ë–æ–ª–≥–∞—Ä."
49,"14 –∏—é–Ω—è –≤ 19:00 –≤ –∞–Ω—Ç–∏–∫–∞—Ñ–µ –ë–∞–∫–ª–∞–∂–∞–Ω –ø—Ä–æ–π–¥–µ—Ç –∫–∏–Ω–æ–≤–µ—á–µ—Ä –ì–∞—è –†–∏—á–∏. –°–º–æ—Ç—Ä–∏–º —Ñ–∏–ª—å–º—ã –æ–¥–Ω–æ–≥–æ –∏–∑ —Å–∞–º—ã—Ö –∫—É–ª—å—Ç–æ–≤—ã—Ö —Ä–µ–∂–∏—Å—Å–µ—Ä–æ–≤ –ê–Ω–≥–ª–∏–∏! –°–º–æ—Ç—Ä–∏–º: –ì–Ω–µ–≤ –ß–µ–ª–æ–≤–µ—á–µ—Å–∫–∏–π, –î–∂–µ–Ω—Ç–µ–ª—å–º–µ–Ω—ã

–ü–æ–¥—Ä–æ–±–Ω–µ–µ: https://kzngo.ru/event/kinovecher-gaya-richi-2-8772"
264,"–ò–Ω—Ç–µ—Ä–µ—Å–Ω—ã–µ –º–µ—Å—Ç–∞ –¥–ª—è –ª—é–±–∏—Ç–µ–ª–µ–π –ø—É—Ç–µ—à–µ—Å—Ç–≤–æ–≤–∞—Ç—å –Ω–∞ –∞–≤—Ç–æ: –ó–∞–º–æ–∫ –®–µ—Ä–µ–º–µ—Ç–µ–≤–∞ 
 
–ó–∞–º–æ–∫ —Ä–∞–±–æ—Ç–∞–µ—Ç –≤ —à—Ç–∞—Ç–Ω–æ–º —Ä–µ–∂–∏–º–µ. –≠–∫—Å–∫—É—Ä—Å–∏–∏ –ø—Ä–æ–≤–æ–¥—è—Ç—Å—è –µ–∂–µ–¥–Ω–µ–≤–Ω–æ —Å 10 –¥–æ 16 —á–∞—Å–æ–≤, –∑–∞–ø–∏—Å—å –ø–æ —Ç–µ–ª. 8(83644)32703 
 
- –ö–∞–∫ –¥–æ–±—Ä–∞—Ç—å—Å—è 
–ò–∑ –ö–∞–∑–∞–Ω–∏ –¥–æ –ø. –Æ—Ä–∏–Ω–æ –º–æ–∂–Ω–æ –¥–æ–±—Ä–∞—Ç—å—Å—è –Ω–∞ –º–∞—à–∏–Ω–µ —á–µ—Ä–µ–∑ –ô–æ—à–∫–∞—Ä-–û–ª—É. –ê–ª—å—Ç–µ—Ä–Ω–∞—Ç–∏–≤–Ω—ã–π –º–∞—Ä—à—Ä—É—Ç –ø—Ä–æ—Ö–æ–¥–∏—Ç —á–µ—Ä–µ–∑ –≥–æ—Ä–æ–¥ –ö–æ–∑—å–º–æ–¥–µ–º—å—è–Ω—Å–∫. –ú–∞—Ä—à—Ä—É—Ç –ø—Ä–∏ —ç—Ç–æ–º –±—É–¥–µ—Ç —Ç–∞–∫–æ–π: –ö–æ–∑—å–º–æ–¥–µ–º—å—è–Ω—Å–∫ - –ø–∞—Ä–æ–º–Ω–∞—è –ø–µ—Ä–µ–ø—Ä–∞–≤–∞ —á–µ—Ä–µ–∑ –í–æ–ª–≥—É ‚Äì –ö–æ—Ä–æ—Ç–Ω–∏ ‚Äì –Æ—Ä–∏–Ω–æ. 
 
–ö–æ–æ—Ä–¥–∏–Ω–∞—Ç—ã 
- –î–æ–ª–≥–æ—Ç–∞:46¬∞17‚Ä≤39.12‚Ä≥E (46,294200) 
- –®–∏—Ä–æ—Ç–∞:56¬∞17‚Ä≤9.96‚Ä≥N (56,286100)"
238,"–° –¥–æ–±—Ä—ã–º —É—Ç—Ä–æ–º, –∫–∞–∑–∞–Ω—Ü—ã!
–ö–ª–∞—Å—Å–Ω–æ–≥–æ –≤–∞–º –¥–Ω—è!"
24,"–ü–æ–≥–æ–¥–∞ –≤ –ö–∞–∑–∞–Ω–∏ –Ω–∞ –≤–æ—Å–∫—Ä–µ—Å–µ–Ω—å–µ, 13 –∏—é–Ω—è"
238,–°–∞–ª—é—Ç –≤ —á–µ—Å—Ç—å –¥–Ω—è –†–æ—Å—Å–∏–∏ –≤ –ö–∞–∑–∞–Ω–∏üòÉ
867,–ü—Ä–∞–∑–¥–Ω–∏—á–Ω—ã–π —Å–∞–ª—é—Çüí•
912,"–¢–µ—Ä—Ä–∞—Å–∞ –Ω–∞ –∫—Ä—ã—à–µ –¢–¶ KazanMall‚ú®
–ë—ã–ª–∏ —Ç–∞–º?"
